id,nombre,id_departamento,valor_flete,codigo_dane,codigo_dep,codigo_ciu,perimetro
1,Medellín,1,10000,5001,05,001,URBANO
2,Abejorral,1,10000,5002,05,002,EXTRARURAL
3,Abriaquí,1,10000,5004,05,004,EXTRARURAL
4,Alejandría,1,10000,5021,05,021,RURAL
5,Amagá,1,10000,5030,05,030,URBANO
6,Amalfi,1,10000,5031,05,031,EXTRARURAL
7,Andes,1,10000,5034,05,034,URBANO
8,Angelópolis,1,10000,5036,05,036,RURAL
9,Angostura,1,10000,5038,05,038,EXTRARURAL
10,Anorí,1,10000,5040,05,040,EXTRARURAL
11,"Santa fe antioquia",1,10000,5042,05,042,RURAL
12,Anza,1,10000,5044,05,044,EXTRARURAL
13,Apartadó,1,10000,5045,05,045,URBANO
14,Arboletes,1,10000,5051,05,051,URBANO
15,Argelia,1,10000,5055,05,055,EXTRARURAL
16,Armenia,1,10000,5059,05,059,RURAL
17,Barbosa,1,10000,5079,05,079,URBANO
18,Belmira,1,10000,5086,05,086,RURAL
19,Bello,1,10000,5088,05,088,URBANO
20,Betania,1,10000,5091,05,091,EXTRARURAL
21,Betulia,1,10000,5093,05,093,EXTRARURAL
22,bolívar,1,10000,5101,05,101,URBANO
23,Briceño,1,10000,5107,05,107,EXTRARURAL
24,Buriticá,1,10000,5113,05,113,EXTRARURAL
25,Cáceres,1,10000,5120,05,120,URBANO
26,Caicedo,1,10000,5125,05,125,EXTRARURAL
27,Caldas,1,10000,5129,05,129,URBANO
28,Campamento,1,10000,5134,05,134,EXTRARURAL
29,Cañasgordas,1,10000,5138,05,138,EXTRARURAL
30,Caracolí,1,10000,5142,05,142,RURAL
31,Caramanta,1,10000,5145,05,145,RURAL
32,Carepa,1,10000,5147,05,147,URBANO
33,"Carmen de viboral",1,10000,5148,05,148,RURAL
34,Carolina,1,10000,5150,05,150,RURAL
35,Caucasia,1,10000,5154,05,154,URBANO
36,Chigorodó,1,10000,5172,05,172,URBANO
37,Cisneros,1,10000,5190,05,190,URBANO
38,Cocorná,1,10000,5197,05,197,RURAL
39,Concepción,1,10000,5206,05,206,RURAL
40,Concordia,1,10000,5209,05,209,URBANO
41,Copacabana,1,10000,5212,05,212,URBANO
42,Dabeiba,1,10000,5234,05,234,RURAL
43,"Don matías",1,10000,5237,05,237,URBANO
44,Ebéjico,1,10000,5240,05,240,RURAL
45,"El bagre",1,10000,5250,05,250,URBANO
46,Entrerrios,1,10000,5264,05,264,URBANO
47,Envigado,1,10000,5266,05,266,URBANO
48,Fredonia,1,10000,5282,05,282,URBANO
49,Frontino,1,10000,5284,05,284,EXTRARURAL
50,Giraldo,1,10000,5306,05,306,EXTRARURAL
51,Girardota,1,10000,5308,05,308,URBANO
52,"Gómez plata",1,10000,5310,05,310,RURAL
53,Granada,1,10000,5313,05,313,EXTRARURAL
54,Guadalupe,1,10000,5315,05,315,EXTRARURAL
55,Guarne,1,10000,5318,05,318,URBANO
56,Guatape,1,10000,5321,05,321,URBANO
57,Heliconia,1,10000,5347,05,347,RURAL
58,Hispania,1,10000,5353,05,353,RURAL
59,Itagui,1,10000,5360,05,360,URBANO
60,Ituango,1,10000,5361,05,361,EXTRARURAL
61,Jardín,1,10000,5364,05,364,URBANO
62,Jericó,1,10000,5368,05,368,RURAL
63,"La ceja",1,10000,5376,05,376,URBANO
64,"La estrella",1,10000,5380,05,380,URBANO
65,"La pintada",1,10000,5390,05,390,RURAL
66,"La unión",1,10000,5400,05,400,RURAL
67,Liborina,1,10000,5411,05,411,EXTRARURAL
68,Maceo,1,10000,5425,05,425,RURAL
69,Marinilla,1,10000,5440,05,440,URBANO
70,Montebello,1,10000,5467,05,467,RURAL
71,Murindó,1,10000,5475,05,475,EXTRARURAL
72,Mutatá,1,10000,5480,05,480,RURAL
73,Nariño,1,10000,5483,05,483,EXTRARURAL
74,Necoclí,1,10000,5490,05,490,URBANO
75,Nechí,1,10000,5495,05,495,EXTRARURAL
76,Olaya,1,10000,5501,05,501,EXTRARURAL
77,Peñol,1,10000,5541,05,541,URBANO
78,Peque,1,10000,5543,05,543,EXTRARURAL
79,Pueblorrico,1,10000,5576,05,576,RURAL
80,"Puerto berrío",1,10000,5579,05,579,URBANO
81,"Puerto nare",1,10000,5585,05,585,RURAL
82,"Puerto triunfo",1,10000,5591,05,591,RURAL
83,Remedios,1,10000,5604,05,604,EXTRARURAL
84,Retiro,1,10000,5607,05,607,URBANO
85,Rionegro,1,10000,5615,05,615,URBANO
86,Sabanalarga,1,10000,5628,05,628,EXTRARURAL
87,Sabaneta,1,10000,5631,05,631,URBANO
88,Salgar,1,10000,5642,05,642,URBANO
89,"San andrés",1,10000,5647,05,647,EXTRARURAL
90,"San carlos",1,10000,5649,05,649,EXTRARURAL
91,"San francisco",1,10000,5652,05,652,EXTRARURAL
92,"San jerónimo",1,10000,5656,05,656,URBANO
93,"San josé de la montaña",1,10000,5658,05,658,EXTRARURAL
94,"San juan de urabá",1,10000,5659,05,659,URBANO
95,"San luis",1,10000,5660,05,660,EXTRARURAL
96,"San pedro",1,10000,5664,05,664,URBANO
97,"San pedro de uraba",1,10000,5665,05,665,RURAL
98,"San rafael",1,10000,5667,05,667,RURAL
99,"San roque",1,10000,5670,05,670,RURAL
100,"San vicente",1,10000,5674,05,674,RURAL
101,"Santa bárbara",1,10000,5679,05,679,RURAL
102,"Santa rosa de osos",1,10000,5686,05,686,URBANO
103,"Santo domingo",1,10000,5690,05,690,RURAL
104,"El santuario",1,10000,5697,05,697,RURAL
105,Segovia,1,10000,5736,05,736,EXTRARURAL
106,Sonson,1,10000,5756,05,756,URBANO
107,Sopetrán,1,10000,5761,05,761,URBANO
108,Támesis,1,10000,5789,05,789,RURAL
109,Tarazá,1,10000,5790,05,790,URBANO
110,Tarso,1,10000,5792,05,792,RURAL
111,Titiribí,1,10000,5809,05,809,RURAL
112,Toledo,1,10000,5819,05,819,EXTRARURAL
113,Turbo,1,10000,5837,05,837,URBANO
114,Uramita,1,10000,5842,05,842,EXTRARURAL
115,Urrao,1,10000,5847,05,847,EXTRARURAL
116,Valdivia,1,10000,5854,05,854,URBANO
117,Valparaíso,1,10000,5856,05,856,RURAL
118,Vegachí,1,10000,5858,05,858,EXTRARURAL
119,Venecia,1,10000,5861,05,861,RURAL
120,"Vigía del fuerte",1,10000,5873,05,873,EXTRARURAL
121,Yalí,1,10000,5885,05,885,EXTRARURAL
122,Yarumal,1,10000,5887,05,887,URBANO
123,Yolombó,1,10000,5890,05,890,RURAL
124,Yondó,1,10000,5893,05,893,RURAL
125,Zaragoza,1,10000,5895,05,895,URBANO
126,Barranquilla,2,10000,8001,08,001,URBANO
127,Baranoa,2,10000,8078,08,078,URBANO
128,"Campo de la cruz",2,10000,8137,08,137,URBANO
129,Candelaria,2,10000,8141,08,141,URBANO
130,Galapa,2,10000,8296,08,296,URBANO
131,"Juan de acosta",2,10000,8372,08,372,URBANO
132,Luruaco,2,10000,8421,08,421,URBANO
133,Malambo,2,10000,8433,08,433,URBANO
134,Manatí,2,10000,8436,08,436,URBANO
135,"Palmar de varela",2,10000,8520,08,520,URBANO
136,Piojó,2,10000,8549,08,549,URBANO
137,Polonuevo,2,10000,8558,08,558,URBANO
138,Ponedera,2,10000,8560,08,560,URBANO
139,"Puerto colombia",2,10000,8573,08,573,URBANO
140,Repelón,2,10000,8606,08,606,URBANO
141,Sabanagrande,2,10000,8634,08,634,URBANO
142,Sabanalarga,2,10000,8638,08,638,URBANO
143,"Santa lucía",2,10000,8675,08,675,URBANO
144,"Santo tomás",2,10000,8685,08,685,URBANO
145,Soledad,2,10000,8758,08,758,URBANO
146,Suan,2,10000,8770,08,770,URBANO
147,Tubará,2,10000,8832,08,832,URBANO
148,Usiacurí,2,10000,8849,08,849,URBANO
149,"SANTA FE DE BOGOTA",11,10000,11001,11,001,URBANO
150,Cartagena,4,10000,13001,13,001,URBANO
151,Achí,4,10000,13006,13,006,EXTRARURAL
152,"Altos del rosario",4,10000,13030,13,030,EXTRARURAL
153,Arenal,4,10000,13042,13,042,EXTRARURAL
154,Arjona,4,10000,13052,13,052,URBANO
155,Arroyohondo,4,10000,13062,13,062,URBANO
156,"Barranco de loba",4,10000,13074,13,074,RURAL
157,Calamar,4,10000,13140,13,140,URBANO
158,Cantagallo,4,10000,13160,13,160,EXTRARURAL
159,Cicuco,4,10000,13188,13,188,EXTRARURAL
160,Córdoba,4,10000,13212,13,212,RURAL
161,Clemencia,4,10000,13222,13,222,RURAL
162,"El carmen de bolívar",4,10000,13244,13,244,URBANO
163,"El guamo",4,10000,13248,13,248,RURAL
164,"El peñón",4,10000,13268,13,268,EXTRARURAL
165,"Hatillo de loba",4,10000,13300,13,300,EXTRARURAL
166,Magangué,4,10000,13430,13,430,URBANO
167,Mahates,4,10000,13433,13,433,URBANO
168,Margarita,4,10000,13440,13,440,EXTRARURAL
169,"María la baja",4,10000,13442,13,442,URBANO
170,Montecristo,4,10000,13458,13,458,EXTRARURAL
171,Mompós,4,10000,13468,13,468,EXTRARURAL
172,Morales,4,10000,13473,13,473,RURAL
173,Pinillos,4,10000,13549,13,549,EXTRARURAL
174,Regidor,4,10000,13580,13,580,EXTRARURAL
175,"Río viejo",4,10000,13600,13,600,RURAL
176,"San cristóbal",4,10000,13620,13,620,URBANO
177,"San estanislao",4,10000,13647,13,647,RURAL
178,"San fernando",4,10000,13650,13,650,EXTRARURAL
179,"San jacinto",4,10000,13654,13,654,URBANO
180,"San jacinto del cauca",4,10000,13655,13,655,RURAL
181,"San juan nepomuceno",4,10000,13657,13,657,URBANO
182,"San martín de loba",4,10000,13667,13,667,EXTRARURAL
183,"San pablo",4,10000,13670,13,670,RURAL
184,"Santa catalina",4,10000,13673,13,673,URBANO
185,"Santa rosa",4,10000,13683,13,683,URBANO
186,"Santa rosa del sur",4,10000,13688,13,688,EXTRARURAL
187,Simití,4,10000,13744,13,744,EXTRARURAL
188,Soplaviento,4,10000,13760,13,760,URBANO
189,"Talaigua nuevo",4,10000,13780,13,780,EXTRARURAL
190,Tiquisio,4,10000,13810,13,810,EXTRARURAL
191,Turbaco,4,10000,13836,13,836,URBANO
192,Turbaná,4,10000,13838,13,838,URBANO
193,Villanueva,4,10000,13873,13,873,RURAL
194,Zambrano,4,10000,13894,13,894,EXTRARURAL
195,Tunja,5,10000,15001,15,001,URBANO
196,Almeida,5,10000,15022,15,022,EXTRARURAL
197,Aquitania,5,10000,15047,15,047,EXTRARURAL
198,Arcabuco,5,10000,15051,15,051,URBANO
199,Belén,5,10000,15087,15,087,RURAL
200,Berbeo,5,10000,15090,15,090,EXTRARURAL
201,Betéitiva,5,10000,15092,15,092,EXTRARURAL
202,Boavita,5,10000,15097,15,097,EXTRARURAL
203,Boyacá,5,10000,15104,15,104,URBANO
204,Briceño,5,10000,15106,15,106,EXTRARURAL
205,Buenavista,5,10000,15109,15,109,EXTRARURAL
206,Busbanzá,5,10000,15114,15,114,EXTRARURAL
207,Caldas,5,10000,15131,15,131,RURAL
208,Campohermoso,5,10000,15135,15,135,EXTRARURAL
209,Cerinza,5,10000,15162,15,162,RURAL
210,Chinavita,5,10000,15172,15,172,EXTRARURAL
211,Chiquinquirá,5,10000,15176,15,176,URBANO
212,Chiscas,5,10000,15180,15,180,EXTRARURAL
213,Chita,5,10000,15183,15,183,EXTRARURAL
214,Chitaraque,5,10000,15185,15,185,RURAL
215,Chivatá,5,10000,15187,15,187,URBANO
216,Ciénega,5,10000,15189,15,189,RURAL
217,Cómbita,5,10000,15204,15,204,URBANO
218,Coper,5,10000,15212,15,212,EXTRARURAL
219,Corrales,5,10000,15215,15,215,RURAL
220,Covarachía,5,10000,15218,15,218,EXTRARURAL
221,Cubará,5,10000,15223,15,223,EXTRARURAL
222,Cucaita,5,10000,15224,15,224,URBANO
223,Cuítiva,5,10000,15226,15,226,RURAL
224,Chíquiza,5,10000,15232,15,232,URBANO
225,Chivor,5,10000,15236,15,236,EXTRARURAL
226,Duitama,5,10000,15238,15,238,URBANO
227,"El cocuy",5,10000,15244,15,244,EXTRARURAL
228,"El espino",5,10000,15248,15,248,EXTRARURAL
229,Firavitoba,5,10000,15272,15,272,URBANO
230,Floresta,5,10000,15276,15,276,RURAL
231,Gachantivá,5,10000,15293,15,293,RURAL
232,Gameza,5,10000,15296,15,296,EXTRARURAL
233,Garagoa,5,10000,15299,15,299,EXTRARURAL
234,Guacamayas,5,10000,15317,15,317,EXTRARURAL
235,Guateque,5,10000,15322,15,322,EXTRARURAL
236,Guayatá,5,10000,15325,15,325,EXTRARURAL
237,Güicán,5,10000,15332,15,332,EXTRARURAL
238,Iza,5,10000,15362,15,362,URBANO
239,Jenesano,5,10000,15367,15,367,URBANO
240,Jericó,5,10000,15368,15,368,EXTRARURAL
241,Labranzagrande,5,10000,15377,15,377,EXTRARURAL
242,"La capilla",5,10000,15380,15,380,EXTRARURAL
243,"La victoria",5,10000,15401,15,401,EXTRARURAL
244,"La uvita",5,10000,15403,15,403,EXTRARURAL
245,"Villa de leyva",5,10000,15407,15,407,URBANO
246,Macanal,5,10000,15425,15,425,EXTRARURAL
247,Maripí,5,10000,15442,15,442,EXTRARURAL
248,Miraflores,5,10000,15455,15,455,EXTRARURAL
249,Mongua,5,10000,15464,15,464,RURAL
250,Monguí,5,10000,15466,15,466,RURAL
251,Moniquirá,5,10000,15469,15,469,URBANO
252,Motavita,5,10000,15476,15,476,URBANO
253,Muzo,5,10000,15480,15,480,EXTRARURAL
254,Nobsa,5,10000,15491,15,491,URBANO
255,"Nuevo colón",5,10000,15494,15,494,RURAL
256,Oicatá,5,10000,15500,15,500,URBANO
257,Otanche,5,10000,15507,15,507,EXTRARURAL
258,Pachavita,5,10000,15511,15,511,EXTRARURAL
259,Páez,5,10000,15514,15,514,EXTRARURAL
260,Paipa,5,10000,15516,15,516,URBANO
261,Pajarito,5,10000,15518,15,518,RURAL
262,Panqueba,5,10000,15522,15,522,EXTRARURAL
263,Pauna,5,10000,15531,15,531,EXTRARURAL
264,Paya,5,10000,15533,15,533,EXTRARURAL
265,"Paz de río",5,10000,15537,15,537,EXTRARURAL
266,Pesca,5,10000,15542,15,542,RURAL
267,Pisba,5,10000,15550,15,550,EXTRARURAL
268,"Puerto boyacá",5,10000,15572,15,572,RURAL
269,Quípama,5,10000,15580,15,580,EXTRARURAL
270,Ramiriquí,5,10000,15599,15,599,URBANO
271,Ráquira,5,10000,15600,15,600,URBANO
272,Rondón,5,10000,15621,15,621,EXTRARURAL
273,Saboyá,5,10000,15632,15,632,RURAL
274,Sáchica,5,10000,15638,15,638,URBANO
275,Samacá,5,10000,15646,15,646,URBANO
276,"San eduardo",5,10000,15660,15,660,EXTRARURAL
277,"San josé de pare",5,10000,15664,15,664,URBANO
278,"San luis de gaceno",5,10000,15667,15,667,EXTRARURAL
279,"San mateo",5,10000,15673,15,673,EXTRARURAL
280,"San miguel de sema",5,10000,15676,15,676,EXTRARURAL
281,"San pablo de borbur",5,10000,15681,15,681,EXTRARURAL
282,Santana,5,10000,15686,15,686,URBANO
283,"Santa maría",5,10000,15690,15,690,EXTRARURAL
284,"Santa rosa de viterbo",5,10000,15693,15,693,URBANO
285,"Santa sofía",5,10000,15696,15,696,RURAL
286,Sativanorte,5,10000,15720,15,720,EXTRARURAL
287,Sativasur,5,10000,15723,15,723,EXTRARURAL
288,Siachoque,5,10000,15740,15,740,URBANO
289,Soatá,5,10000,15753,15,753,EXTRARURAL
290,Socotá,5,10000,15755,15,755,EXTRARURAL
291,Socha,5,10000,15757,15,757,EXTRARURAL
292,Sogamoso,5,10000,15759,15,759,URBANO
293,Somondoco,5,10000,15761,15,761,EXTRARURAL
294,Sora,5,10000,15762,15,762,URBANO
295,Sotaquirá,5,10000,15763,15,763,RURAL
296,Soracá,5,10000,15764,15,764,URBANO
297,Susacón,5,10000,15774,15,774,EXTRARURAL
298,Sutamarchán,5,10000,15776,15,776,URBANO
299,Sutatenza,5,10000,15778,15,778,EXTRARURAL
300,Tasco,5,10000,15790,15,790,EXTRARURAL
301,Tenza,5,10000,15798,15,798,EXTRARURAL
302,Tibaná,5,10000,15804,15,804,RURAL
303,Tibasosa,5,10000,15806,15,806,RURAL
304,Tinjacá,5,10000,15808,15,808,RURAL
305,Tipacoque,5,10000,15810,15,810,EXTRARURAL
306,Toca,5,10000,15814,15,814,URBANO
307,Togüí,5,10000,15816,15,816,RURAL
308,Tópaga,5,10000,15820,15,820,EXTRARURAL
309,Tota,5,10000,15822,15,822,RURAL
310,Tununguá,5,10000,15832,15,832,EXTRARURAL
311,Turmequé,5,10000,15835,15,835,RURAL
312,Tuta,5,10000,15837,15,837,URBANO
313,Tutazá,5,10000,15839,15,839,EXTRARURAL
314,Umbita,5,10000,15842,15,842,EXTRARURAL
315,Ventaquemada,5,10000,15861,15,861,URBANO
316,Viracachá,5,10000,15879,15,879,URBANO
317,Zetaquira,5,10000,15897,15,897,EXTRARURAL
318,Manizales,6,10000,17001,17,001,URBANO
319,Aguadas,6,10000,17013,17,013,RURAL
320,Anserma,6,10000,17042,17,042,URBANO
321,Aranzazu,6,10000,17050,17,050,URBANO
322,Belalcázar,6,10000,17088,17,088,URBANO
323,Chinchiná,6,10000,17174,17,174,URBANO
324,Filadelfia,6,10000,17272,17,272,URBANO
325,"La dorada",6,10000,17380,17,380,URBANO
326,"La merced",6,10000,17388,17,388,RURAL
327,Manzanares,6,10000,17433,17,433,RURAL
328,Marmato,6,10000,17442,17,442,RURAL
329,Marquetalia,6,10000,17444,17,444,EXTRARURAL
330,Marulanda,6,10000,17446,17,446,EXTRARURAL
331,Neira,6,10000,17486,17,486,URBANO
332,Norcasia,6,10000,17495,17,495,RURAL
333,Pácora,6,10000,17513,17,513,EXTRARURAL
334,Palestina,6,10000,17524,17,524,URBANO
335,Pensilvania,6,10000,17541,17,541,URBANO
336,Riosucio,6,10000,17614,17,614,URBANO
337,Risaralda,6,10000,17616,17,616,URBANO
338,Salamina,6,10000,17653,17,653,RURAL
339,Samaná,6,10000,17662,17,662,EXTRARURAL
340,"San josé",6,10000,17665,17,665,URBANO
341,Supía,6,10000,17777,17,777,URBANO
342,Victoria,6,10000,17867,17,867,RURAL
343,Villamaría,6,10000,17873,17,873,URBANO
344,Viterbo,6,10000,17877,17,877,URBANO
345,Florencia,7,10000,18001,18,001,URBANO
346,Albania,7,10000,18029,18,029,RURAL
347,"Belén de los andaquies",7,10000,18094,18,094,RURAL
348,"Cartagena del chairá",7,10000,18150,18,150,EXTRARURAL
349,Curillo,7,10000,18205,18,205,RURAL
350,"El doncello",7,10000,18247,18,247,RURAL
351,"El paujil",7,10000,18256,18,256,RURAL
352,"La montañita",7,10000,18410,18,410,RURAL
353,Milán,7,10000,18460,18,460,RURAL
354,Morelia,7,10000,18479,18,479,URBANO
355,"Puerto rico",7,10000,18592,18,592,RURAL
356,"San josé del fragua",7,10000,18610,18,610,RURAL
357,"San vicente del caguán",7,10000,18753,18,753,RURAL
358,Solano,7,10000,18756,18,756,EXTRARURAL
359,Solita,7,10000,18785,18,785,EXTRARURAL
360,Valparaíso,7,10000,18860,18,860,RURAL
361,Popayán,8,10000,19001,19,001,URBANO
362,Almaguer,8,10000,19022,19,022,EXTRARURAL
363,Argelia,8,10000,19050,19,050,EXTRARURAL
364,Balboa,8,10000,19075,19,075,RURAL
365,Bolívar,8,10000,19100,19,100,RURAL
366,"Buenos aires",8,10000,19110,19,110,EXTRARURAL
367,Cajibío,8,10000,19130,19,130,URBANO
368,Caldono,8,10000,19137,19,137,EXTRARURAL
369,Caloto,8,10000,19142,19,142,URBANO
370,Corinto,8,10000,19212,19,212,URBANO
371,"El tambo",8,10000,19256,19,256,URBANO
372,Florencia,8,10000,19290,19,290,EXTRARURAL
373,Guapi,8,10000,19318,19,318,RURAL
374,Inzá,8,10000,19355,19,355,RURAL
375,Jambaló,8,10000,19364,19,364,EXTRARURAL
376,"La sierra",8,10000,19392,19,392,RURAL
377,"La vega",8,10000,19397,19,397,EXTRARURAL
378,López,8,10000,19418,19,418,EXTRARURAL
379,Mercaderes,8,10000,19450,19,450,RURAL
380,Miranda,8,10000,19455,19,455,URBANO
381,Morales,8,10000,19473,19,473,URBANO
382,Padilla,8,10000,19513,19,513,URBANO
383,Paez,8,10000,19517,19,517,RURAL
384,Patía,8,10000,19532,19,532,RURAL
385,Piamonte,8,10000,19533,19,533,EXTRARURAL
386,Piendamó,8,10000,19548,19,548,URBANO
387,"Puerto tejada",8,10000,19573,19,573,URBANO
388,Puracé,8,10000,19585,19,585,RURAL
389,Rosas,8,10000,19622,19,622,URBANO
390,"San sebastián",8,10000,19693,19,693,EXTRARURAL
391,"Santander de quilichao",8,10000,19698,19,698,URBANO
392,"Santa rosa",8,10000,19701,19,701,EXTRARURAL
393,Silvia,8,10000,19743,19,743,URBANO
394,Sotara,8,10000,19760,19,760,RURAL
395,Suárez,8,10000,19780,19,780,RURAL
396,Sucre,8,10000,19785,19,785,RURAL
397,Timbío,8,10000,19807,19,807,URBANO
398,Timbiquí,8,10000,19809,19,809,EXTRARURAL
399,Toribio,8,10000,19821,19,821,RURAL
400,Totoró,8,10000,19824,19,824,URBANO
401,"Villa rica",8,10000,19845,19,845,URBANO
402,Valledupar,9,10000,20001,20,001,URBANO
403,Aguachica,9,10000,20011,20,011,URBANO
404,"Agustín codazzi",9,10000,20013,20,013,URBANO
405,Astrea,9,10000,20032,20,032,RURAL
406,Becerril,9,10000,20045,20,045,RURAL
407,Bosconia,9,10000,20060,20,060,URBANO
408,Chimichagua,9,10000,20175,20,175,EXTRARURAL
409,Chiriguaná,9,10000,20178,20,178,URBANO
410,Curumaní,9,10000,20228,20,228,RURAL
411,"El copey",9,10000,20238,20,238,URBANO
412,"El paso",9,10000,20250,20,250,URBANO
413,Gamarra,9,10000,20295,20,295,RURAL
414,Gonzalez,9,10000,20310,20,310,RURAL
415,"La gloria",9,10000,20383,20,383,URBANO
416,"La jagua de ibirico",9,10000,20400,20,400,RURAL
417,Manaure,9,10000,20443,20,443,RURAL
418,Pailitas,9,10000,20517,20,517,RURAL
419,Pelaya,9,10000,20550,20,550,URBANO
420,"Pueblo bello",9,10000,20570,20,570,RURAL
421,"Río de oro",9,10000,20614,20,614,URBANO
422,"La paz",9,10000,20621,20,621,URBANO
423,"San alberto",9,10000,20710,20,710,URBANO
424,"San diego",9,10000,20750,20,750,URBANO
425,"San martín",9,10000,20770,20,770,URBANO
426,Tamalameque,9,10000,20787,20,787,RURAL
427,Montería,10,10000,23001,23,001,URBANO
428,Ayapel,10,10000,23068,23,068,URBANO
429,Buenavista,10,10000,23079,23,079,URBANO
430,Canalete,10,10000,23090,23,090,URBANO
431,Cereté,10,10000,23162,23,162,URBANO
432,Chimá,10,10000,23168,23,168,URBANO
433,Chinú,10,10000,23182,23,182,URBANO
434,"Ciénaga de oro",10,10000,23189,23,189,URBANO
435,Cotorra,10,10000,23300,23,300,URBANO
436,"La apartada",10,10000,23350,23,350,URBANO
437,Lorica,10,10000,23417,23,417,URBANO
438,"Los córdobas",10,10000,23419,23,419,URBANO
439,Momil,10,10000,23464,23,464,URBANO
440,Montelíbano,10,10000,23466,23,466,URBANO
441,Moñitos,10,10000,23500,23,500,URBANO
442,"Planeta rica",10,10000,23555,23,555,URBANO
443,"Pueblo nuevo",10,10000,23570,23,570,URBANO
444,"Puerto escondido",10,10000,23574,23,574,URBANO
445,"Puerto libertador",10,10000,23580,23,580,URBANO
446,Purísima,10,10000,23586,23,586,URBANO
447,Sahagún,10,10000,23660,23,660,URBANO
448,"San andrés sotavento",10,10000,23670,23,670,URBANO
449,"San antero",10,10000,23672,23,672,URBANO
450,"San bernardo del viento",10,10000,23675,23,675,URBANO
451,"San carlos",10,10000,23678,23,678,URBANO
452,"San pelayo",10,10000,23686,23,686,URBANO
453,Tierralta,10,10000,23807,23,807,URBANO
454,Valencia,10,10000,23855,23,855,URBANO
455,"Agua de dios",11,10000,25001,25,001,URBANO
456,Albán,11,10000,25019,25,019,RURAL
457,Anapoima,11,10000,25035,25,035,URBANO
458,Anolaima,11,10000,25040,25,040,URBANO
459,Arbeláez,11,10000,25053,25,053,RURAL
460,Beltrán,11,10000,25086,25,086,RURAL
461,Bituima,11,10000,25095,25,095,RURAL
462,Bojacá,11,10000,25099,25,099,URBANO
463,Cabrera,11,10000,25120,25,120,EXTRARURAL
464,Cachipay,11,10000,25123,25,123,RURAL
465,Cajicá,11,10000,25126,25,126,URBANO
466,Caparrapí,11,10000,25148,25,148,RURAL
467,Caqueza,11,10000,25151,25,151,RURAL
468,"Carmen de carupa",11,10000,25154,25,154,RURAL
469,Chaguaní,11,10000,25168,25,168,RURAL
470,Chía,11,10000,25175,25,175,URBANO
471,Chipaque,11,10000,25178,25,178,RURAL
472,Choachí,11,10000,25181,25,181,RURAL
473,Chocontá,11,10000,25183,25,183,URBANO
474,Cogua,11,10000,25200,25,200,RURAL
475,Cota,11,10000,25214,25,214,URBANO
476,Cucunubá,11,10000,25224,25,224,RURAL
477,"El colegio",11,10000,25245,25,245,URBANO
478,"El peñón",11,10000,25258,25,258,RURAL
479,"El rosal",11,10000,25260,25,260,RURAL
480,Facatativá,11,10000,25269,25,269,URBANO
481,Fomeque,11,10000,25279,25,279,RURAL
482,Fosca,11,10000,25281,25,281,RURAL
483,Funza,11,10000,25286,25,286,URBANO
484,Fúquene,11,10000,25288,25,288,RURAL
485,Fusagasugá,11,10000,25290,25,290,URBANO
486,Gachala,11,10000,25293,25,293,EXTRARURAL
487,Gachancipá,11,10000,25295,25,295,RURAL
488,Gachetá,11,10000,25297,25,297,EXTRARURAL
489,Gama,11,10000,25299,25,299,EXTRARURAL
490,Girardot,11,10000,25307,25,307,URBANO
491,Granada,11,10000,25312,25,312,RURAL
492,Guachetá,11,10000,25317,25,317,RURAL
493,Guaduas,11,10000,25320,25,320,RURAL
494,Guasca,11,10000,25322,25,322,RURAL
495,Guataquí,11,10000,25324,25,324,RURAL
496,Guatavita,11,10000,25326,25,326,RURAL
497,"Guayabal de siquima",11,10000,25328,25,328,RURAL
498,Guayabetal,11,10000,25335,25,335,RURAL
499,Gutiérrez,11,10000,25339,25,339,RURAL
500,Jerusalén,11,10000,25368,25,368,RURAL
501,Junín,11,10000,25372,25,372,EXTRARURAL
502,"La calera",11,10000,25377,25,377,RURAL
503,"La mesa",11,10000,25386,25,386,URBANO
504,"La palma",11,10000,25394,25,394,EXTRARURAL
505,"La peña",11,10000,25398,25,398,RURAL
506,"La vega",11,10000,25402,25,402,RURAL
507,Lenguazaque,11,10000,25407,25,407,RURAL
508,Macheta,11,10000,25426,25,426,RURAL
509,Madrid,11,10000,25430,25,430,URBANO
510,Manta,11,10000,25436,25,436,RURAL
511,Medina,11,10000,25438,25,438,RURAL
512,Mosquera,11,10000,25473,25,473,URBANO
513,Nariño,11,10000,25483,25,483,URBANO
514,Nemocón,11,10000,25486,25,486,URBANO
515,Nilo,11,10000,25488,25,488,URBANO
516,Nimaima,11,10000,25489,25,489,RURAL
517,Nocaima,11,10000,25491,25,491,RURAL
518,Venecia,11,10000,25506,25,506,RURAL
519,Pacho,11,10000,25513,25,513,RURAL
520,Paime,11,10000,25518,25,518,EXTRARURAL
521,Pandi,11,10000,25524,25,524,RURAL
522,Paratebueno,11,10000,25530,25,530,RURAL
523,Pasca,11,10000,25535,25,535,RURAL
524,"Puerto salgar",11,10000,25572,25,572,URBANO
525,Pulí,11,10000,25580,25,580,RURAL
526,Quebradanegra,11,10000,25592,25,592,RURAL
527,Quetame,11,10000,25594,25,594,RURAL
528,Quipile,11,10000,25596,25,596,RURAL
529,Apulo,11,10000,25599,25,599,URBANO
530,Ricaurte,11,10000,25612,25,612,URBANO
531,"San antonio del tequendama",11,10000,25645,25,645,URBANO
532,"San bernardo",11,10000,25649,25,649,EXTRARURAL
533,"San cayetano",11,10000,25653,25,653,RURAL
534,"San francisco",11,10000,25658,25,658,RURAL
535,"San juan de río seco",11,10000,25662,25,662,RURAL
536,Sasaima,11,10000,25718,25,718,RURAL
537,Sesquilé,11,10000,25736,25,736,RURAL
538,Sibaté,11,10000,25740,25,740,URBANO
539,Silvania,11,10000,25743,25,743,RURAL
540,Simijaca,11,10000,25745,25,745,RURAL
541,Soacha,11,10000,25754,25,754,URBANO
542,Sopó,11,10000,25758,25,758,RURAL
543,Subachoque,11,10000,25769,25,769,URBANO
544,Suesca,11,10000,25772,25,772,RURAL
545,Supatá,11,10000,25777,25,777,URBANO
546,Susa,11,10000,25779,25,779,RURAL
547,Sutatausa,11,10000,25781,25,781,RURAL
548,Tabio,11,10000,25785,25,785,RURAL
549,Tausa,11,10000,25793,25,793,RURAL
550,Tena,11,10000,25797,25,797,RURAL
551,Tenjo,11,10000,25799,25,799,RURAL
552,Tibacuy,11,10000,25805,25,805,RURAL
553,Tibirita,11,10000,25807,25,807,RURAL
554,Tocaima,11,10000,25815,25,815,URBANO
555,Tocancipá,11,10000,25817,25,817,URBANO
556,Topaipí,11,10000,25823,25,823,EXTRARURAL
557,Ubalá,11,10000,25839,25,839,EXTRARURAL
558,Ubaque,11,10000,25841,25,841,RURAL
559,"Villa de san diego de ubate",11,10000,25843,25,843,RURAL
560,Une,11,10000,25845,25,845,RURAL
561,Útica,11,10000,25851,25,851,RURAL
562,Vergara,11,10000,25862,25,862,RURAL
563,Vianí,11,10000,25867,25,867,RURAL
564,Villagómez,11,10000,25871,25,871,RURAL
565,Villapinzón,11,10000,25873,25,873,RURAL
566,Villeta,11,10000,25875,25,875,URBANO
567,Viotá,11,10000,25878,25,878,URBANO
568,Yacopí,11,10000,25885,25,885,EXTRARURAL
569,Zipacón,11,10000,25898,25,898,URBANO
570,Zipaquirá,11,10000,25899,25,899,URBANO
571,Quibdó,12,10000,27001,27,001,URBANO
572,Acandí,12,10000,27006,27,006,EXTRARURAL
573,"Alto baudo",12,10000,27025,27,025,EXTRARURAL
574,Atrato,12,10000,27050,27,050,RURAL
575,Bagadó,12,10000,27073,27,073,RURAL
576,"Bahía solano",12,10000,27075,27,075,EXTRARURAL
577,"Bajo baudó",12,10000,27077,27,077,EXTRARURAL
578,"Belén de bajirá",12,10000,,99,773,EXTRARURAL
579,Bojaya,12,10000,27099,27,099,EXTRARURAL
580,"El cantón del san pablo",12,10000,27135,27,135,RURAL
581,"Carmen del darien",12,10000,27150,27,150,EXTRARURAL
582,Cértegui,12,10000,27160,27,160,RURAL
583,Condoto,12,10000,27205,27,205,RURAL
584,"El carmen de atrato",12,10000,27245,27,245,EXTRARURAL
585,"El litoral del san juan",12,10000,27250,27,250,RURAL
586,Istmina,12,10000,27361,27,361,URBANO
587,Juradó,12,10000,27372,27,372,EXTRARURAL
588,Lloró,12,10000,27413,27,413,RURAL
589,"Medio atrato",12,10000,27425,27,425,EXTRARURAL
590,"Medio baudó",12,10000,27430,27,430,EXTRARURAL
591,"Medio san juan",12,10000,27450,27,450,URBANO
592,Nóvita,12,10000,27491,27,491,EXTRARURAL
593,Nuquí,12,10000,27495,27,495,EXTRARURAL
594,"Río iro",12,10000,27580,27,580,EXTRARURAL
595,"Río quito",12,10000,27600,27,600,RURAL
596,Riosucio,12,10000,27615,27,615,EXTRARURAL
597,"San josé del palmar",12,10000,27660,27,660,EXTRARURAL
598,Sipí,12,10000,27745,27,745,EXTRARURAL
599,Tadó,12,10000,27787,27,787,RURAL
600,Unguía,12,10000,27800,27,800,EXTRARURAL
601,"Unión panamericana",12,10000,27810,27,810,RURAL
602,Neiva,13,10000,41001,41,001,URBANO
603,Acevedo,13,10000,41006,41,006,RURAL
604,Agrado,13,10000,41013,41,013,RURAL
605,Aipe,13,10000,41016,41,016,URBANO
606,Algeciras,13,10000,41020,41,020,URBANO
607,Altamira,13,10000,41026,41,026,RURAL
608,Baraya,13,10000,41078,41,078,URBANO
609,Campoalegre,13,10000,41132,41,132,URBANO
610,Colombia,13,10000,41206,41,206,RURAL
611,Elías,13,10000,41244,41,244,RURAL
612,Garzón,13,10000,41298,41,298,URBANO
613,Gigante,13,10000,41306,41,306,URBANO
614,Guadalupe,13,10000,41319,41,319,RURAL
615,Hobo,13,10000,41349,41,349,URBANO
616,Iquira,13,10000,41357,41,357,URBANO
617,Isnos,13,10000,41359,41,359,EXTRARURAL
618,"La argentina",13,10000,41378,41,378,EXTRARURAL
619,"La plata",13,10000,41396,41,396,URBANO
620,Nátaga,13,10000,41483,41,483,RURAL
621,Oporapa,13,10000,41503,41,503,RURAL
622,Paicol,13,10000,41518,41,518,RURAL
623,Palermo,13,10000,41524,41,524,URBANO
624,Palestina,13,10000,41530,41,530,EXTRARURAL
625,Pital,13,10000,41548,41,548,RURAL
626,Pitalito,13,10000,41551,41,551,URBANO
627,Rivera,13,10000,41615,41,615,URBANO
628,Saladoblanco,13,10000,41660,41,660,RURAL
629,"San agustín",13,10000,41668,41,668,RURAL
630,"Santa maría",13,10000,41676,41,676,EXTRARURAL
631,Suaza,13,10000,41770,41,770,RURAL
632,Tarqui,13,10000,41791,41,791,RURAL
633,Tesalia,13,10000,41797,41,797,RURAL
634,Tello,13,10000,41799,41,799,URBANO
635,Teruel,13,10000,41801,41,801,URBANO
636,Timaná,13,10000,41807,41,807,RURAL
637,Villavieja,13,10000,41872,41,872,URBANO
638,Yaguará,13,10000,41885,41,885,URBANO
639,Riohacha,14,10000,44001,44,001,URBANO
640,Albania,14,10000,44035,44,035,URBANO
641,Barrancas,14,10000,44078,44,078,URBANO
642,Dibulla,14,10000,44090,44,090,URBANO
643,Distracción,14,10000,44098,44,098,URBANO
644,"El molino",14,10000,44110,44,110,URBANO
645,Fonseca,14,10000,44279,44,279,URBANO
646,Hatonuevo,14,10000,44378,44,378,URBANO
647,"La jagua del pilar",14,10000,44420,44,420,URBANO
648,Maicao,14,10000,44430,44,430,URBANO
649,Manaure,14,10000,44560,44,560,URBANO
650,"San juan del cesar",14,10000,44650,44,650,URBANO
651,Uribia,14,10000,44847,44,847,URBANO
652,Urumita,14,10000,44855,44,855,URBANO
653,Villanueva,14,10000,44874,44,874,URBANO
654,"Santa marta",15,10000,47001,47,001,URBANO
655,Algarrobo,15,10000,47030,47,030,EXTRARURAL
656,Aracataca,15,10000,47053,47,053,URBANO
657,Ariguaní,15,10000,47058,47,058,EXTRARURAL
658,"Cerro san antonio",15,10000,47161,47,161,URBANO
659,Chibolo,15,10000,47170,47,170,EXTRARURAL
660,Ciénaga,15,10000,47189,47,189,URBANO
661,Concordia,15,10000,47205,47,205,URBANO
662,"El banco",15,10000,47245,47,245,RURAL
663,"El piñon",15,10000,47258,47,258,URBANO
664,"El retén",15,10000,47268,47,268,URBANO
665,Fundación,15,10000,47288,47,288,URBANO
666,Guamal,15,10000,47318,47,318,RURAL
667,"Nueva granada",15,10000,47460,47,460,RURAL
668,Pedraza,15,10000,47541,47,541,URBANO
669,"Pijiño del carmen",15,10000,47545,47,545,EXTRARURAL
670,Pivijay,15,10000,47551,47,551,URBANO
671,Plato,15,10000,47555,47,555,URBANO
672,Puebloviejo,15,10000,47570,47,570,RURAL
673,Remolino,15,10000,47605,47,605,URBANO
674,"Sabanas de san angel",15,10000,47660,47,660,EXTRARURAL
675,Salamina,15,10000,47675,47,675,URBANO
676,"San sebastián de buenavista",15,10000,47692,47,692,RURAL
677,"San zenón",15,10000,47703,47,703,EXTRARURAL
678,"Santa ana",15,10000,47707,47,707,URBANO
679,"Santa bárbara de pinto",15,10000,47720,47,720,EXTRARURAL
680,Sitionuevo,15,10000,47745,47,745,URBANO
681,Tenerife,15,10000,47798,47,798,RURAL
682,Zapayán,15,10000,47960,47,960,EXTRARURAL
683,"Zona bananera",15,10000,47980,47,980,URBANO
684,Villavicencio,16,10000,50001,50,001,URBANO
685,Acacías,16,10000,50006,50,006,URBANO
686,"Barranca de upía",16,10000,50110,50,110,EXTRARURAL
687,Cabuyaro,16,10000,50124,50,124,EXTRARURAL
688,"Castilla la nueva",16,10000,50150,50,150,RURAL
689,Cubarral,16,10000,50223,50,223,RURAL
690,Cumaral,16,10000,50226,50,226,URBANO
691,"El calvario",16,10000,50245,50,245,EXTRARURAL
692,"El castillo",16,10000,50251,50,251,RURAL
693,"El dorado",16,10000,50270,50,270,RURAL
694,"Fuente de oro",16,10000,50287,50,287,EXTRARURAL
695,Granada,16,10000,50313,50,313,URBANO
696,Guamal,16,10000,50318,50,318,RURAL
697,Mapiripán,16,10000,50325,50,325,RURAL
698,Mesetas,16,10000,50330,50,330,EXTRARURAL
699,"La macarena",16,10000,50350,50,350,EXTRARURAL
700,"La Uribe",16,10000,50370,50,370,EXTRARURAL
701,Lejanías,16,10000,50400,50,400,EXTRARURAL
702,"Puerto concordia",16,10000,50450,50,450,RURAL
703,"Puerto gaitán",16,10000,50568,50,568,EXTRARURAL
704,"Puerto lópez",16,10000,50573,50,573,EXTRARURAL
705,"Puerto lleras",16,10000,50577,50,577,EXTRARURAL
706,"Puerto rico",16,10000,50590,50,590,EXTRARURAL
707,Restrepo,16,10000,50606,50,606,URBANO
708,"San carlos de guaroa",16,10000,50680,50,680,EXTRARURAL
709,"San juan de arama",16,10000,50683,50,683,EXTRARURAL
710,"San juanito",16,10000,50686,50,686,EXTRARURAL
711,"San martín",16,10000,50689,50,689,RURAL
712,Vistahermosa,16,10000,50711,50,711,EXTRARURAL
713,Pasto,17,10000,52001,52,001,URBANO
714,Albán,17,10000,52019,52,019,RURAL
715,Aldaña,17,10000,52022,52,022,URBANO
716,Ancuyá,17,10000,52036,52,036,URBANO
717,Arboleda,17,10000,52051,52,051,RURAL
718,Barbacoas,17,10000,52079,52,079,EXTRARURAL
719,Belén,17,10000,52083,52,083,URBANO
720,Buesaco,17,10000,52110,52,110,URBANO
721,Colón,17,10000,52203,52,203,RURAL
722,Consaca,17,10000,52207,52,207,URBANO
723,Contadero,17,10000,52210,52,210,URBANO
724,Córdoba,17,10000,52215,52,215,RURAL
725,Cuaspud,17,10000,52224,52,224,RURAL
726,Cumbal,17,10000,52227,52,227,RURAL
727,Cumbitara,17,10000,52233,52,233,EXTRARURAL
728,Chachagüí,17,10000,52240,52,240,URBANO
729,"El charco",17,10000,52250,52,250,EXTRARURAL
730,"El peñol",17,10000,52254,52,254,RURAL
731,"El rosario",17,10000,52256,52,256,RURAL
732,"El tablón de gómez",17,10000,52258,52,258,URBANO
733,"El tambo",17,10000,52260,52,260,RURAL
734,Funes,17,10000,52287,52,287,URBANO
735,Guachucal,17,10000,52317,52,317,RURAL
736,Guaitarilla,17,10000,52320,52,320,RURAL
737,Gualmatán,17,10000,52323,52,323,RURAL
738,Iles,17,10000,52352,52,352,RURAL
739,Imués,17,10000,52354,52,354,URBANO
740,Ipiales,17,10000,52356,52,356,URBANO
741,"La cruz",17,10000,52378,52,378,EXTRARURAL
742,"La florida",17,10000,52381,52,381,URBANO
743,"La llanada",17,10000,52385,52,385,EXTRARURAL
744,"La tola",17,10000,52390,52,390,EXTRARURAL
745,"La unión",17,10000,52399,52,399,URBANO
746,Leiva,17,10000,52405,52,405,EXTRARURAL
747,Linares,17,10000,52411,52,411,EXTRARURAL
748,"Los andes",17,10000,52418,52,418,RURAL
749,Magüi,17,10000,52427,52,427,RURAL
750,Mallama,17,10000,52435,52,435,RURAL
751,Mosquera,17,10000,52473,52,473,EXTRARURAL
752,Nariño,17,10000,52480,52,480,URBANO
753,"Olaya herrera",17,10000,52490,52,490,RURAL
754,Ospina,17,10000,52506,52,506,RURAL
755,"Francisco pizarro",17,10000,52520,52,520,RURAL
756,Policarpa,17,10000,52540,52,540,EXTRARURAL
757,Potosí,17,10000,52560,52,560,RURAL
758,Providencia,17,10000,52565,52,565,RURAL
759,Puerres,17,10000,52573,52,573,RURAL
760,Pupiales,17,10000,52585,52,585,URBANO
761,Ricaurte,17,10000,52612,52,612,RURAL
762,"Roberto payán",17,10000,52621,52,621,RURAL
763,Samaniego,17,10000,52678,52,678,RURAL
764,Sandoná,17,10000,52683,52,683,URBANO
765,"San bernardo",17,10000,52685,52,685,EXTRARURAL
766,"San lorenzo",17,10000,52687,52,687,RURAL
767,"San pablo",17,10000,52693,52,693,EXTRARURAL
768,"San pedro de cartago",17,10000,52694,52,694,RURAL
769,"Santa bárbara",17,10000,52696,52,696,RURAL
770,Santacruz,17,10000,52699,52,699,RURAL
771,Sapuyes,17,10000,52720,52,720,URBANO
772,Taminango,17,10000,52786,52,786,RURAL
773,Tangua,17,10000,52788,52,788,URBANO
774,Tumaco,17,10000,52835,52,835,URBANO
775,Túquerres,17,10000,52838,52,838,URBANO
776,Yacuanquer,17,10000,52885,52,885,URBANO
777,Cúcuta,18,10000,54001,54,001,URBANO
778,Abrego,18,10000,54003,54,003,URBANO
779,Arboledas,18,10000,54051,54,051,RURAL
780,Bochalema,18,10000,54099,54,099,URBANO
781,Bucarasica,18,10000,54109,54,109,RURAL
782,Cácota,18,10000,54125,54,125,RURAL
783,Cachirá,18,10000,54128,54,128,RURAL
784,Chinácota,18,10000,54172,54,172,URBANO
785,Chitagá,18,10000,54174,54,174,RURAL
786,Convención,18,10000,54206,54,206,URBANO
787,Cucutilla,18,10000,54223,54,223,RURAL
788,Durania,18,10000,54239,54,239,URBANO
789,"El carmen",18,10000,54245,54,245,RURAL
790,"El tarra",18,10000,54250,54,250,EXTRARURAL
791,"El zulia",18,10000,54261,54,261,URBANO
792,Gramalote,18,10000,54313,54,313,RURAL
793,Hacarí,18,10000,54344,54,344,RURAL
794,Herrán,18,10000,54347,54,347,RURAL
795,Labateca,18,10000,54377,54,377,RURAL
796,"La esperanza",18,10000,54385,54,385,EXTRARURAL
797,"La playa",18,10000,54398,54,398,URBANO
798,"Los patios",18,10000,54405,54,405,URBANO
799,Lourdes,18,10000,54418,54,418,RURAL
800,Mutiscua,18,10000,54480,54,480,EXTRARURAL
801,Ocaña,18,10000,54498,54,498,URBANO
802,Pamplona,18,10000,54518,54,518,URBANO
803,Pamplonita,18,10000,54520,54,520,URBANO
804,"Puerto santander",18,10000,54553,54,553,URBANO
805,Ragonvalia,18,10000,54599,54,599,RURAL
806,Salazar,18,10000,54660,54,660,RURAL
807,"San calixto",18,10000,54670,54,670,RURAL
808,"San cayetano",18,10000,54673,54,673,URBANO
809,Santiago,18,10000,54680,54,680,URBANO
810,Sardinata,18,10000,54720,54,720,RURAL
811,Silos,18,10000,54743,54,743,RURAL
812,Teorama,18,10000,54800,54,800,URBANO
813,Tibú,18,10000,54810,54,810,RURAL
814,Toledo,18,10000,54820,54,820,RURAL
815,"Villa caro",18,10000,54871,54,871,EXTRARURAL
816,"Villa del rosario",18,10000,54874,54,874,URBANO
817,Armenia,19,10000,63001,63,001,URBANO
818,Buenavista,19,10000,63111,63,111,URBANO
819,Calarca,19,10000,63130,63,130,URBANO
820,Circasia,19,10000,63190,63,190,URBANO
821,Córdoba,19,10000,63212,63,212,URBANO
822,Filandia,19,10000,63272,63,272,URBANO
823,Génova,19,10000,63302,63,302,RURAL
824,"La tebaida",19,10000,63401,63,401,URBANO
825,Montenegro,19,10000,63470,63,470,URBANO
826,Pijao,19,10000,63548,63,548,URBANO
827,Quimbaya,19,10000,63594,63,594,URBANO
828,Salento,19,10000,63690,63,690,URBANO
829,Pereira,20,10000,66001,66,001,URBANO
830,Apía,20,10000,66045,66,045,URBANO
831,Balboa,20,10000,66075,66,075,URBANO
832,"Belén de umbría",20,10000,66088,66,088,URBANO
833,Dosquebradas,20,10000,66170,66,170,URBANO
834,Guática,20,10000,66318,66,318,RURAL
835,"La celia",20,10000,66383,66,383,RURAL
836,"La virginia",20,10000,66400,66,400,URBANO
837,Marsella,20,10000,66440,66,440,URBANO
838,Mistrató,20,10000,66456,66,456,RURAL
839,"Pueblo rico",20,10000,66572,66,572,RURAL
840,Quinchía,20,10000,66594,66,594,RURAL
841,"Santa rosa de cabal",20,10000,66682,66,682,URBANO
842,Santuario,20,10000,66687,66,687,URBANO
843,Bucaramanga,21,10000,68001,68,001,URBANO
844,Aguada,21,10000,68013,68,013,RURAL
845,Albania,21,10000,68020,68,020,RURAL
846,Aratoca,21,10000,68051,68,051,RURAL
847,Barbosa,21,10000,68077,68,077,URBANO
848,Barichara,21,10000,68079,68,079,URBANO
849,Barrancabermeja,21,10000,68081,68,081,URBANO
850,Betulia,21,10000,68092,68,092,RURAL
851,Bolívar,21,10000,68101,68,101,URBANO
852,Cabrera,21,10000,68121,68,121,RURAL
853,California,21,10000,68132,68,132,RURAL
854,Capitanejo,21,10000,68147,68,147,EXTRARURAL
855,Carcasí,21,10000,68152,68,152,EXTRARURAL
856,Cepitá,21,10000,68160,68,160,RURAL
857,Cerrito,21,10000,68162,68,162,EXTRARURAL
858,Charalá,21,10000,68167,68,167,RURAL
859,Charta,21,10000,68169,68,169,RURAL
860,Chima,21,10000,68176,68,176,RURAL
861,Chipatá,21,10000,68179,68,179,RURAL
862,Cimitarra,21,10000,68190,68,190,RURAL
863,Concepción,21,10000,68207,68,207,EXTRARURAL
864,Confines,21,10000,68209,68,209,URBANO
865,Contratación,21,10000,68211,68,211,RURAL
866,Coromoro,21,10000,68217,68,217,EXTRARURAL
867,Curití,21,10000,68229,68,229,URBANO
868,"El carmen de chucurí",21,10000,68235,68,235,EXTRARURAL
869,"El guacamayo",21,10000,68245,68,245,RURAL
870,"El peñón",21,10000,68250,68,250,EXTRARURAL
871,"El playón",21,10000,68255,68,255,URBANO
872,Encino,21,10000,68264,68,264,RURAL
873,Enciso,21,10000,68266,68,266,EXTRARURAL
874,Florián,21,10000,68271,68,271,RURAL
875,Floridablanca,21,10000,68276,68,276,URBANO
876,Galán,21,10000,68296,68,296,RURAL
877,Gambita,21,10000,68298,68,298,RURAL
878,Girón,21,10000,68307,68,307,URBANO
879,Guaca,21,10000,68318,68,318,EXTRARURAL
880,Guadalupe,21,10000,68320,68,320,RURAL
881,Guapotá,21,10000,68322,68,322,RURAL
882,Guavatá,21,10000,68324,68,324,URBANO
883,Güepsa,21,10000,68327,68,327,URBANO
884,Hato,21,10000,68344,68,344,RURAL
885,"Jesús maría",21,10000,68368,68,368,RURAL
886,Jordán,21,10000,68370,68,370,RURAL
887,"La belleza",21,10000,68377,68,377,RURAL
888,Landázuri,21,10000,68385,68,385,RURAL
889,"La paz",21,10000,68397,68,397,RURAL
890,Lebríja,21,10000,68406,68,406,URBANO
891,"Los santos",21,10000,68418,68,418,URBANO
892,Macaravita,21,10000,68425,68,425,RURAL
893,Málaga,21,10000,68432,68,432,EXTRARURAL
894,Matanza,21,10000,68444,68,444,RURAL
895,Mogotes,21,10000,68464,68,464,RURAL
896,Molagavita,21,10000,68468,68,468,RURAL
897,Ocamonte,21,10000,68498,68,498,RURAL
898,Oiba,21,10000,68500,68,500,RURAL
899,Onzaga,21,10000,68502,68,502,RURAL
900,Palmar,21,10000,68522,68,522,RURAL
901,"Palmas del socorro",21,10000,68524,68,524,RURAL
902,Páramo,21,10000,68533,68,533,RURAL
903,Piedecuesta,21,10000,68547,68,547,URBANO
904,Pinchote,21,10000,68549,68,549,URBANO
905,"Puente nacional",21,10000,68572,68,572,URBANO
906,"Puerto parra",21,10000,68573,68,573,RURAL
907,"Puerto wilches",21,10000,68575,68,575,EXTRARURAL
908,Rionegro,21,10000,68615,68,615,URBANO
909,"Sabana de torres",21,10000,68655,68,655,RURAL
910,"San andrés",21,10000,68669,68,669,EXTRARURAL
911,"San benito",21,10000,68673,68,673,RURAL
912,"San gil",21,10000,68679,68,679,URBANO
913,"San joaquín",21,10000,68682,68,682,EXTRARURAL
914,"San josé de miranda",21,10000,68684,68,684,RURAL
915,"San miguel",21,10000,68686,68,686,RURAL
916,"San vicente de chucurí",21,10000,68689,68,689,RURAL
917,"Santa bárbara",21,10000,68705,68,705,EXTRARURAL
918,"Santa helena del opón",21,10000,68720,68,720,EXTRARURAL
919,Simacota,21,10000,68745,68,745,RURAL
920,Socorro,21,10000,68755,68,755,URBANO
921,Suaita,21,10000,68770,68,770,URBANO
922,Sucre,21,10000,68773,68,773,RURAL
923,Suratá,21,10000,68780,68,780,RURAL
924,Tona,21,10000,68820,68,820,RURAL
925,"Valle de san josé",21,10000,68855,68,855,RURAL
926,Vélez,21,10000,68861,68,861,URBANO
927,Vetas,21,10000,68867,68,867,RURAL
928,Villanueva,21,10000,68872,68,872,RURAL
929,Zapatoca,21,10000,68895,68,895,RURAL
930,Sincelejo,22,10000,70001,70,001,URBANO
931,Buenavista,22,10000,70110,70,110,URBANO
932,Caimito,22,10000,70124,70,124,EXTRARURAL
933,Coloso,22,10000,70204,70,204,URBANO
934,Corozal,22,10000,70215,70,215,URBANO
935,Coveñas,22,10000,70221,70,221,URBANO
936,Chalán,22,10000,70230,70,230,RURAL
937,"El roble",22,10000,70233,70,233,EXTRARURAL
938,Galeras,22,10000,70235,70,235,URBANO
939,Guaranda,22,10000,70265,70,265,EXTRARURAL
940,"La unión",22,10000,70400,70,400,URBANO
941,"Los palmitos",22,10000,70418,70,418,URBANO
942,Majagual,22,10000,70429,70,429,EXTRARURAL
943,Morroa,22,10000,70473,70,473,URBANO
944,Ovejas,22,10000,70508,70,508,URBANO
945,Palmito,22,10000,70523,70,523,URBANO
946,Sampués,22,10000,70670,70,670,URBANO
947,"San benito abad",22,10000,70678,70,678,EXTRARURAL
948,"San juan de betulia",22,10000,70702,70,702,URBANO
949,"San marcos",22,10000,70708,70,708,URBANO
950,"San onofre",22,10000,70713,70,713,EXTRARURAL
951,"San pedro",22,10000,70717,70,717,URBANO
952,Sincé,22,10000,70742,70,742,URBANO
953,Sucre,22,10000,70771,70,771,EXTRARURAL
954,"Santiago de tolú",22,10000,70820,70,820,RURAL
955,"Tolú viejo",22,10000,70823,70,823,URBANO
956,Ibagué,23,10000,73001,73,001,URBANO
957,Alpujarra,23,10000,73024,73,024,RURAL
958,Alvarado,23,10000,73026,73,026,URBANO
959,Ambalema,23,10000,73030,73,030,RURAL
960,Anzoátegui,23,10000,73043,73,043,RURAL
961,Armero,23,10000,73055,73,055,RURAL
962,Ataco,23,10000,73067,73,067,EXTRARURAL
963,Cajamarca,23,10000,73124,73,124,URBANO
964,"Carmen de apicalá",23,10000,73148,73,148,URBANO
965,Casabianca,23,10000,73152,73,152,EXTRARURAL
966,Chaparral,23,10000,73168,73,168,RURAL
967,Coello,23,10000,73200,73,200,RURAL
968,Coyaima,23,10000,73217,73,217,RURAL
969,Cunday,23,10000,73226,73,226,URBANO
970,Dolores,23,10000,73236,73,236,EXTRARURAL
971,Espinal,23,10000,73268,73,268,URBANO
972,Falan,23,10000,73270,73,270,RURAL
973,Flandes,23,10000,73275,73,275,URBANO
974,Fresno,23,10000,73283,73,283,RURAL
975,Guamo,23,10000,73319,73,319,RURAL
976,Herveo,23,10000,73347,73,347,RURAL
977,Honda,23,10000,73349,73,349,URBANO
978,Icononzo,23,10000,73352,73,352,RURAL
979,Lérida,23,10000,73408,73,408,RURAL
980,Líbano,23,10000,73411,73,411,RURAL
981,Mariquita,23,10000,73443,73,443,RURAL
982,Melgar,23,10000,73449,73,449,URBANO
983,Murillo,23,10000,73461,73,461,RURAL
984,Natagaima,23,10000,73483,73,483,RURAL
985,Ortega,23,10000,73504,73,504,RURAL
986,Palocabildo,23,10000,73520,73,520,RURAL
987,Piedras,23,10000,73547,73,547,RURAL
988,Planadas,23,10000,73555,73,555,EXTRARURAL
989,Prado,23,10000,73563,73,563,RURAL
990,Purificación,23,10000,73585,73,585,RURAL
991,Rioblanco,23,10000,73616,73,616,EXTRARURAL
992,Roncesvalles,23,10000,73622,73,622,EXTRARURAL
993,Rovira,23,10000,73624,73,624,RURAL
994,Saldaña,23,10000,73671,73,671,RURAL
995,"San antonio",23,10000,73675,73,675,EXTRARURAL
996,"San luis",23,10000,73678,73,678,RURAL
997,"Santa isabel",23,10000,73686,73,686,RURAL
998,Suárez,23,10000,73770,73,770,RURAL
999,"Valle de san juan",23,10000,73854,73,854,RURAL
1000,Venadillo,23,10000,73861,73,861,RURAL
1001,Villahermosa,23,10000,73870,73,870,EXTRARURAL
1002,Villarrica,23,10000,73873,73,873,URBANO
1003,Cali,24,10000,76001,76,001,URBANO
1004,Alcalá,24,10000,76020,76,020,URBANO
1005,Andalucía,24,10000,76036,76,036,URBANO
1006,Ansermanuevo,24,10000,76041,76,041,URBANO
1007,Argelia,24,10000,76054,76,054,RURAL
1008,Bolívar,24,10000,76100,76,100,URBANO
1009,Buenaventura,24,10000,76109,76,109,URBANO
1010,"Guadalajara de buga",24,10000,76111,76,111,URBANO
1011,Bugalagrande,24,10000,76113,76,113,URBANO
1012,Caicedonia,24,10000,76122,76,122,URBANO
1013,Calima,24,10000,76126,76,126,RURAL
1014,Candelaria,24,10000,76130,76,130,URBANO
1015,Cartago,24,10000,76147,76,147,URBANO
1016,Dagua,24,10000,76233,76,233,URBANO
1017,"El águila",24,10000,76243,76,243,RURAL
1018,"El cairo",24,10000,76246,76,246,RURAL
1019,"El cerrito",24,10000,76248,76,248,URBANO
1020,"El dovio",24,10000,76250,76,250,URBANO
1021,Florida,24,10000,76275,76,275,URBANO
1022,Ginebra,24,10000,76306,76,306,URBANO
1023,Guacarí,24,10000,76318,76,318,URBANO
1024,Jamundí,24,10000,76364,76,364,URBANO
1025,"La cumbre",24,10000,76377,76,377,URBANO
1026,"La unión",24,10000,76400,76,400,URBANO
1027,"La victoria",24,10000,76403,76,403,URBANO
1028,Obando,24,10000,76497,76,497,URBANO
1029,Palmira,24,10000,76520,76,520,URBANO
1030,Pradera,24,10000,76563,76,563,URBANO
1031,Restrepo,24,10000,76606,76,606,URBANO
1032,Riofrío,24,10000,76616,76,616,URBANO
1033,Roldanillo,24,10000,76622,76,622,URBANO
1034,"San pedro",24,10000,76670,76,670,URBANO
1035,Sevilla,24,10000,76736,76,736,URBANO
1036,Toro,24,10000,76823,76,823,URBANO
1037,Trujillo,24,10000,76828,76,828,URBANO
1038,Tuluá,24,10000,76834,76,834,URBANO
1039,Ulloa,24,10000,76845,76,845,URBANO
1040,Versalles,24,10000,76863,76,863,URBANO
1041,Vijes,24,10000,76869,76,869,URBANO
1042,Yotoco,24,10000,76890,76,890,URBANO
1043,Yumbo,24,10000,76892,76,892,URBANO
1044,Zarzal,24,10000,76895,76,895,URBANO
1045,Arauca,25,10000,81001,81,001,URBANO
1046,Arauquita,25,10000,81065,81,065,RURAL
1047,"Cravo norte",25,10000,81220,81,220,RURAL
1048,Fortul,25,10000,81300,81,300,RURAL
1049,"Puerto rondón",25,10000,81591,81,591,EXTRARURAL
1050,Saravena,25,10000,81736,81,736,RURAL
1051,Tame,25,10000,81794,81,794,RURAL
1052,Yopal,26,10000,85001,85,001,URBANO
1053,Aguazul,26,10000,85010,85,010,URBANO
1054,Chameza,26,10000,85015,85,015,RURAL
1055,"Hato corozal",26,10000,85125,85,125,EXTRARURAL
1056,"La salina",26,10000,85136,85,136,EXTRARURAL
1057,Maní,26,10000,85139,85,139,EXTRARURAL
1058,Monterrey,26,10000,85162,85,162,URBANO
1059,Nunchía,26,10000,85225,85,225,RURAL
1060,Orocué,26,10000,85230,85,230,EXTRARURAL
1061,"Paz de ariporo",26,10000,85250,85,250,RURAL
1062,Pore,26,10000,85263,85,263,RURAL
1063,Recetor,26,10000,85279,85,279,RURAL
1064,Sabanalarga,26,10000,85300,85,300,EXTRARURAL
1065,Sácama,26,10000,85315,85,315,EXTRARURAL
1066,"San luis de palenque",26,10000,85325,85,325,RURAL
1067,Támara,26,10000,85400,85,400,EXTRARURAL
1068,Tauramena,26,10000,85410,85,410,RURAL
1069,Trinidad,26,10000,85430,85,430,EXTRARURAL
1070,Villanueva,26,10000,85440,85,440,URBANO
1071,Mocoa,27,10000,86001,86,001,URBANO
1072,Colón,27,10000,86219,86,219,RURAL
1073,Orito,27,10000,86320,86,320,RURAL
1074,"Puerto asís",27,10000,86568,86,568,URBANO
1075,"Puerto caicedo",27,10000,86569,86,569,URBANO
1076,"Puerto guzmán",27,10000,86571,86,571,RURAL
1077,Leguízamo,27,10000,86573,86,573,URBANO
1078,Sibundoy,27,10000,86749,86,749,RURAL
1079,"San francisco",27,10000,86755,86,755,RURAL
1080,"San miguel",27,10000,86757,86,757,EXTRARURAL
1081,Santiago,27,10000,86760,86,760,RURAL
1082,"Valle del guamuez",27,10000,86865,86,865,RURAL
1083,Villagarzón,27,10000,86885,86,885,URBANO
1084,"San andrés",28,10000,88001,88,001,URBANO
1085,Providencia,28,10000,88564,88,564,EXTRARURAL
1086,Leticia,29,10000,91001,91,001,URBANO
1087,"El encanto",29,10000,91263,91,263,EXTRARURAL
1088,"La chorrera",29,10000,91405,91,405,EXTRARURAL
1089,"La pedrera",29,10000,91407,91,407,EXTRARURAL
1090,"La victoria",29,10000,91430,91,430,EXTRARURAL
1091,"Miriti - paraná",29,10000,91460,91,460,EXTRARURAL
1092,"Puerto alegría",29,10000,91530,91,530,EXTRARURAL
1093,"Puerto arica",29,10000,91536,91,536,EXTRARURAL
1094,"Puerto nariño",29,10000,91540,91,540,EXTRARURAL
1095,"Puerto santander",29,10000,91669,91,669,EXTRARURAL
1096,Tarapacá,29,10000,91798,91,798,EXTRARURAL
1097,Inírida,30,10000,94001,94,001,URBANO
1098,"Barranco minas",30,10000,94343,94,343,EXTRARURAL
1099,Mapiripana,30,10000,94663,94,663,EXTRARURAL
1100,"San felipe",30,10000,94883,94,883,EXTRARURAL
1101,"Puerto colombia",30,10000,94884,94,884,EXTRARURAL
1102,"La guadalupe",30,10000,94885,94,885,EXTRARURAL
1103,Cacahual,30,10000,94886,94,886,EXTRARURAL
1104,"Pana pana",30,10000,94887,94,887,EXTRARURAL
1105,Morichal,30,10000,94888,94,888,EXTRARURAL
1106,"San josé del guaviare",31,10000,95001,95,001,URBANO
1107,Calamar,31,10000,95015,95,015,EXTRARURAL
1108,"El retorno",31,10000,95025,95,025,RURAL
1109,Miraflores,31,10000,95200,95,200,EXTRARURAL
1110,Mitú,32,10000,97001,97,001,URBANO
1111,Caruru,32,10000,97161,97,161,EXTRARURAL
1112,Pacoa,32,10000,97511,97,511,EXTRARURAL
1113,Taraira,32,10000,97666,97,666,EXTRARURAL
1114,Papunaua,32,10000,97777,97,777,EXTRARURAL
1115,Yavaraté,32,10000,97889,97,889,EXTRARURAL
1116,"Puerto carreño",33,10000,99001,99,001,URBANO
1117,"La primavera",33,10000,99524,99,524,EXTRARURAL
1118,"Santa rosalía",33,10000,99624,99,624,EXTRARURAL
1119,Cumaribo,33,10000,99773,99,773,EXTRARURAL
10001,"Maria la baja",4,10000,13442,13,442,RURAL
10002,"La loma",4,10000,,99,773,RURAL
10003,"Los andes",17,10000,52418,52,418,RURAL
10004,Papayal,14,10000,,99,773,RURAL
10005,"San jose de oriente ",9,10000,,99,773,RURAL
10007,"El dificil",15,10000,,99,773,RURAL
10008,Guacoche,9,10000,,99,773,RURAL
10009,"Aguas blancas ",9,10000,,99,773,RURAL
10010,Bayunca,4,10000,,99,773,RURAL
10011,"Islas del rosario",4,10000,,99,773,RURAL
10012,"Baru ",4,10000,,99,773,RURAL
10013,"San cayetano",4,10000,,99,773,RURAL
10014,Higueretal,4,10000,,99,773,RURAL
10015,"La montaña",9,10000,,99,773,RURAL
10016,"RETIRO NUEVO",4,10000,,99,773,RURAL
10018,"Puerto Giraldo",2,10000,,99,773,RURAL
10019,Antioquia,1,10000,5042,05,042,RURAL
10020,Buga,24,10000,76111,76,111,RURAL
10021,"Canton de Sanpablo",12,10000,27135,27,135,RURAL
10023,"Rafael Reyes",11,10000,25599,25,599,RURAL
10024,"CIUDAD BOLIVAR",1,NULL,NULL,NULL,NULL,NULL
10025,"SAN JUAN DE URABÁ",1,NULL,NULL,NULL,NULL,NULL
10026,Santuario,1,0,05736,1,NULL,URBANO
10027,GUACHENE,8,NULL,NULL,8,NULL,RURAL
10028,"El Carmen",21,0,NULL,NULL,NULL,RURAL
10029,Cerritos,20,NULL,NULL,NULL,NULL,RURAL
10030,Tunia,8,NULL,NULL,NULL,NULL,RURAL
10031,"El Bordo",8,NULL,NULL,NULL,NULL,RURAL
10032,Coconuco,8,NULL,NULL,NULL,NULL,RURAL
10033,VILLAGORGONA,24,NULL,NULL,NULL,NULL,RURAL
10034,PAISPAMBA,8,0,0,0,0,URBANO
10035,"EL CARMEN",12,0,0,0,0,RURAL
10036,Chinauta,11,0,0,0,0,RURAL
10037,Tuchin,10,0,23819,23,819,URBANO
10038,Campeche,2,0,0,0,0,RURAL
10039,Quito,39,NULL,NULL,NULL,NULL,URBANO
10040,Guayaquil,39,NULL,NULL,NULL,NULL,URBANO
10041,Cuenca,39,NULL,NULL,NULL,NULL,URBANO
10042,Manta,39,NULL,NULL,NULL,NULL,URBANO
10043,"El Oro",39,NULL,NULL,NULL,NULL,URBANO
10044,Pastaza,39,NULL,NULL,NULL,NULL,URBANO
10045,Ambato,39,NULL,NULL,NULL,NULL,URBANO
10046,Machala,39,NULL,NULL,NULL,NULL,URBANO
10047,Esmeraldas,39,NULL,NULL,NULL,NULL,URBANO
