id,nombre,id_ciudad,direccion,telefono,estado,id_consultor_mac,id_almacenista_mac,id_secretaria_mac,id_jefe_mac,id_user_mac,id_torre_mac,codigo_distribuidor,codigo_instalador,numero_contrato_inicial,numero_contrato_final,meta_prepago,meta_postpago,tipo_sede,id_sede_padre,sub_canal
1,SERVIMERCADEO PEREIRA,829,CRA 12 NO. 3 - 49,3401222,Activa,1146,0,12,0,35,79,0764,I004174,-,-,0,0,Principal,0,
2,SERVIMERCADEO CALI,1003,CALLE 47 NO.5AN-34 B/ LA FLORA,3703050,Activa,53,0,0,0,35,0,0709,I004283,0,0,0,0,Principal,2,Sala dealer
3,SERVIMERCADEO TULUA,1038,CARRERA 25 NO. 30-10 BARRIO SALESIANOS,2247442,Inactiva,34,0,0,0,338,0,0707,I005135,0,0,0,0,Principal,0,Otros
4,SERVIMERCADEO MANIZALES,318,CALLE 23 # 23-53,8902288,Activa,1394,1394,0,0,286,0,0765,I004219,0,0,0,0,Principal,4,
5,SERVIMERCADEO QUINDIO,817,CRA 19 # 1N-00 LOCAL 2 BULEVAR NIZA,7355578,Inactiva,1028,287,307,0,35,66,1751,I004218,0,0,0,0,Principal,0,Sala dealer
6,SERVIMERCADEO PASTO,713,CALLE 18 NO. 27 - 73,7364700,Activa,82,82,0,0,35,0,0713,I004332,0,0,0,0,Principal,6,
7,SERVIMERCADEO POPAYAN,361,CRA 9 NO. 1N - 57 BARRIO MODELO,8373038,Inactiva,86,86,0,0,338,0,1528,I004324,0,0,0,0,Principal,2,Otros
8,SERVIMERCADEO PUTUMAYO,1074,CALLE 9 NO. 19 - 26 BARRIO SAN FRANCISCO,3112310795,Inactiva,0,0,0,0,35,0,0712,I004320,0,0,0,0,Principal,8,
9,SERVIMERCADEO ATLÁNTICO,126,CL 58 # 64 – 29 BARRIO SANTA ANA,3855357,Activa,239,153,0,0,338,114,0725,I004271,0,0,0,0,Principal,0,Sala dealer
10,SERVIMERCADEO SANTA MARTA,654,CRA 8 # 15 -27,4363502,Inactiva,0,0,0,0,35,0,0733,I004395,0,0,0,0,Principal,0,
11,SERVIMERCADEO MONTERIA,427,CALLE 24 NO. 3-48,7898181,Activa,242,242,0,0,35,245,0732,I004412,0,o,0,0,Principal,0,
12,SERVIMERCADEO RIONEGRO,85,CARRERA 55 B Nº 17-59 MALL SAN BARTOLO,5627865,Activa,932,0,0,0,35,0,0676,I004212,0,0,0,0,Principal,0,
13,SERVIMERCADEO CAUCACIA,35,CARRERA 11 # 19-46,839 33 16,Inactiva,323,0,0,0,35,156,0678,I004276,0,0,0,0,Principal,0,
14,SERVIMERCADEO MEDELLIN,1,CARRERA 80 # 47 -13 LA FLORESTA,5812223,Activa,117,117,0,0,35,0,0677,I004213,0,0,0,0,Principal,0,
15,SERVIMERCADEO CUNDINAMA,470,CARRERA 13 # 14 - 44,3002454,Inactiva,197,197,0,0,4,0,01902,I004221,0,0,0,0,Principal,0,
16,SERVIMERCADEO TOLIMA,956,CRA 3 #46-40 PIEDRA PINTADA ,2650211,Inactiva,212,212,0,0,4,0,01902,I004222,0,0,0,0,Principal,0,
17,SERVIMERCADEO BUCARAMANGA,843,CARRERA  36 N. 38-38 B. EL PRADO,6960231,Activa,200,200,0,0,35,0,0752,I004393,0,0,0,0,Principal,0,Sala dealer
18,SERVIMERCADEO VILLAVICENC,684,CLL 15 # 9-75 BARRIO HAY MI LLANURA ,3163895289,Inactiva,0,0,0,0,4,0,01902,I004413,0,0,0,0,Principal,0,
19,SERVIMERCADEO CUCUTA,777,AV 0 14-42 BARRIO LA PLAYA,5730655,Activa,201,201,0,0,35,0,0762,I004476,0,0,0,0,Principal,0,Sala dealer
20,SERVIMERCADEO BARRANCABER,849,CARRERA 34C # 52 BIS -12 LOCAL 6 B/ CAMPO ALEGRE,6025065,Inactiva,830,213,0,0,35,215,0759,I004552,0,0,0,0,Principal,0,Sala dealer
21,SERVIMERCADEO PENSILVANIA,335,CRA 7 NO. 4 - 39 LOCAL 3,000000,Inactiva,240,0,317,0,338,0,0775,I004581,0,0,0,0,Principal,0,
22,SERVIMERCADEO BARANOA,127,CRA 18 NO 16-32,00000,Inactiva,302,302,0,0,146,0,00000,I004583,0,0,0,0,Principal,0,
23,SERVIMERCADEO ANTIOQUIA,11,CALLE 10 # 6 - 06 LOCAL 31,00000,Inactiva,250,0,0,0,13,0,00000,I004582,0,0,0,0,Principal,0,
24,BODEGA MAL ESTADO PEREIRA,829,CRA 12 3 - 49,3401222,Inactiva,0,0,0,0,13,0,01903,I004174,0000,0000,0,0,Principal,0,
25,SERVIMERCADEO SUC POPAYAN,361,CL 7 N # 6 A -17 LC 118 CC FERROCARRIL BARRIO BOLI,1111,Inactiva,0,0,310,0,35,0,0711,1004324,1,0,0,0,Secundaria,7,
26,INTELSATV,NULL,CR 1 # 4-83 AV PANAMERICANA,8323081,Inactiva,0,0,308,0,35,0,1737,1004324,,,0,0,Secundaria,7,
27,ARMENIA - BODEGA MAL ESTADO ARMENIA,NULL,CRA 19 # 1N-00 LOCAL 2 BULEVAR NIZA,7355578,Inactiva,0,0,0,0,13,0,01903,I004218,,,0,0,Principal,0,
28,BARRANCABERMEJA - BODEGA MAL ESTADO BARRANCABERMEJ,NULL,CALLE 48# 18-103,6025065,Inactiva,0,0,0,0,13,0,01905,I004552,,,0,0,Principal,0,
29,BARRANQUILLA - BODEGA MAL ESTADO BARRANQUILLA,NULL,CALLE 93 NO. 43-52,3855357,Inactiva,0,0,0,0,13,0,01901,I004271,,,0,0,Principal,0,
30,BUCARAMANGA - BODEGA MAL ESTADO BUCARAMANGA,NULL,CALLE 38 #33-44 BARRIO EL PRADO,6960231,Inactiva,288,0,0,0,13,0,01905,I004393,,,0,0,Principal,0,
31,CALI - BODEGA MAL ESTADO CALI,NULL,CL 47N # 5 A N 44,3703050,Inactiva,0,0,0,0,13,0,0709,I004283,,,0,0,Principal,0,
32,CAUCASIA - BODEGA MAL ESTADO CAUCASIA,NULL,CARRERA 11 # 19-46,839 33 16,Inactiva,0,0,0,0,13,0,1904,I004276,,,0,0,Principal,0,
33,CUCUTA - BODEGA MAL ESTADO CUCUTA,NULL,AV 0 14-42 BARRIO LA PLAYA,5730655,Inactiva,0,0,0,0,13,0,01905,I004476,,,0,0,Principal,0,
34,MANIZALES - BODEGA MAL ESTADO MANIZALES,NULL,CALLE 23 # 23-53,8902288,Inactiva,241,0,0,0,13,0,01903,I004219,,,0,0,Principal,0,
35,MEDELLIN - BODEGA MAL ESTADO MEDELLIN,NULL,CARRERA 80 # 47 -13 LA FLORESTA,,Inactiva,0,0,0,0,13,0,1904,I004213,,,0,0,Principal,0,
36,MONTERIA - BODEGA MAL ESTADO MONTERIA,NULL,CALLE 24 NO. 3-48,7898181,Inactiva,0,0,0,0,13,0,1904,I004412,,,0,0,Principal,0,
37,PASTO - BODEGA MAL ESTADO PASTO,NULL,CALLE 18 NO. 27 - 73,7364700,Inactiva,0,0,0,0,13,0,01903,I004332,,,0,0,Principal,0,
38,MEDELLIN - BODEGA MAL ESTADO MEDELLIN,NULL,CRA 80 NRO 47 - 13 LA FLORESTA,5812223,Inactiva,0,0,0,0,13,0,02101,I004213,,,0,0,Principal,0,
40,BODEGA MAL ESTADO ARMENIA,817,CRA 19 # 1N-00 LOCAL 2 BULEVAR NIZA,7355578,Inactiva,0,0,0,0,13,0,01903,I004218,,,0,0,Principal,0,
41,BODEGA MAL ESTADO BARRANCABERMEJ,849,CALLE 48# 18-103,6025065,Inactiva,0,0,0,0,13,0,01905,I004552,,,0,0,Principal,0,
42,BODEGA MAL ESTADO BARRANQUILLA,126,CALLE 93 NO. 43-52,3855357,Inactiva,8,0,0,0,13,0,01901,I004271,,,0,0,Principal,0,
43,BODEGA MAL ESTADO BUCARAMANGA,843,CALLE 38 #33-44 BARRIO EL PRADO,6960231,Inactiva,0,0,0,0,13,0,01905,I004393,,,0,0,Principal,0,
44,BODEGA MAL ESTADO CALI,1003,CL 47N # 5 A N 44,3703050,Inactiva,0,0,0,0,13,0,0709,I004283,,,0,0,Principal,0,
45,BODEGA MAL ESTADO CAUCASIA,35,CARRERA 11 # 19-46,839 33 16,Inactiva,0,0,0,0,13,0,1904,I004276,,,0,0,Principal,0,
46,BODEGA MAL ESTADO CUCUTA,777,AV 0 14-42 BARRIO LA PLAYA,5730655,Inactiva,0,0,0,0,13,0,01905,I004476,,,0,0,Principal,0,
47,BODEGA MAL ESTADO MANIZALES,318,CALLE 23 # 23-53,8902288,Inactiva,0,0,0,0,13,0,01903,I004219,,,0,0,Principal,0,
48,BODEGA MAL ESTADO MEDELLIN,1,CARRERA 80 # 47 -13 LA FLORESTA,5812223,Inactiva,0,0,0,0,13,0,1904,I004213,,,0,0,Principal,0,
49,BODEGA MAL ESTADO MONTERIA,427,CALLE 24 NO. 3-48,7898181,Inactiva,0,0,0,0,13,0,1904,I004412,,,0,0,Principal,0,
50,BODEGA MAL ESTADO PASTO,713,CALLE 18 NO. 27 - 73,7364700,Inactiva,0,0,0,0,13,0,01903,I004332,,,0,0,Principal,0,
51,BODEGA MAL ESTADO PENSILVANIA,335,CRA 7 NO. 4 - 39,000000,Inactiva,0,0,0,0,13,0,01903,I004581,,,0,0,Principal,0,
52,BODEGA MAL ESTADO POPAYAN,361,CRA 9 NO. 1N - 57 BARRIO MODELO,8373038,Inactiva,0,0,0,0,13,0,1528,I004324,,,0,0,Principal,0,
53,BODEGA MAL ESTADO RIONEGRO,85,CARRERA 55 B Nº 17-59 MALL SAN BARTOLO,5627865,Inactiva,0,0,0,0,13,0,1904,I004212,,,0,0,Principal,0,
54,BODEGA MAL ESTADO SANTA MARTA,654,CRA 8 # 15 -27,4363502,Inactiva,0,0,0,0,13,0,01901,I004395,,,0,0,Principal,0,
55,BODEGA MAL ESTADO TULUA,1038,CARRERA 25 NO. 30-10 BARRIO SALESIANOS,2247442,Inactiva,0,0,0,0,13,0,0707,I004217,,,0,0,Principal,0,
56,YARUMAL - SERVIMERCADEO YARUMAL,122,CRA 22 NRO 17 - 64,88870144,Inactiva,453,0,0,0,13,0,1904,I004213,,,0,0,Principal,0,
57,STOCK SISTEMAS,829,CRA 12 NO. 3 - 49,3401222,Inactiva,338,0,0,0,13,0,01903,I004174,,,0,0,Principal,0,
58,SERVIMERCADEO OCAÑA,801,CALLE 11 NO 16A 68-72 EDIFICIO MIXTO VENECIA LOCAL,3,Inactiva,357,0,0,0,286,0,01905,I004731,,,0,0,Principal,0,
59,STOCK CARNETS,829,CRA 12 NO 3-49,3401222,Inactiva,348,0,0,0,286,0,010903,I004174,,,0,0,Principal,0,
60,STOCK CELULARES,829,CRA 12 NO 3-49,3401222,Inactiva,347,0,0,0,286,0,010903,I004174,,,0,0,Principal,0,
61,SPEED TECNOLOGIA SAS,10031,CLL 4 CR 308 EDIFICIO RAPIDO EL TAMBO LOCAL 3,3401222,Inactiva,0,0,0,0,576,0,1977,1004324,,,0,0,Secundaria,7,
62,PIENDAMO,386,CL 7 # 10 - 12 AV PANAMERICANA BARRIO SAGRADA FAMI,111,Inactiva,0,0,0,0,35,0,2195,1004324,,,0,0,Secundaria,7,
63,STAND EN OLIMPICA DEL MODELO POPAYAN,361,CL 2 NORTE # 7 - 74,11,Inactiva,0,0,0,0,35,0,4025,1004324,,,0,0,Secundaria,7,
64,JIREH TELECOMUNICACIONES,1024,CR 9 # 12-45 BARRIO LIBERTADORES,3101000000,Inactiva,0,0,0,0,35,0,2067,1004283,,,0,0,Secundaria,2,
65,HOME SENTRY SERVIMERCADEO,1003,AV 6 # 29 NORTE - 41,3401222,Inactiva,0,0,0,0,35,0,2471,1004283,,,0,0,Secundaria,2,Stand dealer
66,JAMUNDI LA ESMERALDA,1003,CR 10 # 6 - 88,3104647924,Inactiva,0,0,0,0,35,0,2480,1004283,,,0,0,Secundaria,2,Subagente
67,MERCAR DEL CANEY,1003,CL 48 # 85 - 54,3106753956,Inactiva,0,0,0,0,35,0,4012,1004283,,,0,0,Secundaria,2,Stand dealer
68,SERVIMERCADEO SAS SUB CHINCHINA,323,CLL 10 #6-30 CENTRO,3112720414,Inactiva,0,0,0,0,37,0,1602,1004219,,,0,0,Secundaria,4,
69,SERVIMERCADEO SAS SUB ANSERMA,320,CR 4 #13-34 LOCAL 5 CENTRO,3156597808,Inactiva,0,0,0,0,35,0,1682,1004219,,,0,0,Secundaria,4,Subagente
70,SERVIMERCADEO SAS SUB RIOSUCIO,336,CL 7 #4-35 CENTRO,3111111111,Inactiva,0,0,0,0,35,0,2392,1004219,,,0,0,Principal,4,
71,SERVIMERCADEO SAS FUNDADORES,318,CL 33 # 20 - 03,3113003711,Inactiva,0,0,0,0,35,0,3315,1004219,,,0,0,Secundaria,4,
72,SERVIMERCADEO SAS PALERMO MANIZALES,318,CR 25 # 67 - 120 BARRIO PALERMO,3113003711,Inactiva,289,0,0,0,338,0,3322,1004219,,,0,0,Principal,4,
73,SERVIMERCADEO SAS  SUB SUPIA,341,CL 32 # 8 - 19,111,Inactiva,0,0,0,0,35,0,3615,1004219,,,0,0,Secundaria,4,
74,SERVIMERCADEO CIUDAD BOLIVAR,22,CALLE 50 NO 52-14 ,-,Inactiva,466,0,0,0,286,0,01905,I004711,,,0,0,Principal,0,
75,SUB TUMACO,774,CLL MOSQUERA LOCAL 28 DTV DIAGONAL A ENSANAR,3204490380,Inactiva,0,0,314,0,35,0,0716,I004746,,,0,0,Secundaria,6,
76,SUB SERVIMERCADEO ORITO,1073,CLL 4 CON 10 ESQUINA BARRIO UNION,3101000000,Inactiva,0,0,0,0,35,0,0717,I004320,,,0,0,Secundaria,8,
77,SUB MOCOA,1071,CLL 10A BARRIO JOSE MARIA HERNANDEZ ENSEGUIDA DE Q,3204490380,Inactiva,0,0,0,0,35,0,0719,I004320,,,0,0,Secundaria,8,
78,SUB SERVIMERCADEO LA UNION,745,BARRIO CHAPINERO FRENTE AL INPEC ,3101000000,Inactiva,0,0,0,0,35,0,1920,I004332,,,0,0,Secundaria,6,
79,SUB SERVIMERCADEO LLORENTE,774,CL PRINCIPAL CASA 685 FRENTEA CALLE OSCURA KM 66LL,3101000000,Inactiva,0,0,0,0,35,0,1948,I004746,,,0,0,Secundaria,6,
80,SALA SUB ECOSUR PASTO,713,CL 20 # 31 - 32,3103897413,Inactiva,0,0,0,0,35,0,4269,I004332,,,0,0,Secundaria,6,
81,SUB ECOSUR BARBACOAS,718,CLL PASO GRANDE # CS1,3103897413,Inactiva,0,0,0,0,35,0,4270,I004746,,,0,0,Secundaria,6,
82,GETECH SALA SUB PASTO,713,CL 19 # 29 - 11,3102334357,Inactiva,0,0,0,0,35,0,4271,I004332,,,0,0,Secundaria,6,
83,GETECH SUB IPIALES,713,CR 5 # 19 - 02,3102334357,Inactiva,0,0,0,0,35,0,4272,I004752,,,0,0,Secundaria,93,
84,PUNTO P COMUNICACIONES CAMARA DE COMERCIO,774,CL SUCRE CAMARA DE COMERCIO LOCAL 101,3102334357,Inactiva,0,0,0,0,576,0,4273,I004746,,,0,0,Secundaria,6,
85,SUB LA HORMIGA,1082,CR 10 # 8 - 51,3101000000,Inactiva,0,0,0,0,35,0,4274,I004320,,,0,0,Secundaria,8,
86,SERVIMERCADEO SAS NORTE ARMENIA,817,CL 9 # 13 - 58,3216467765,Inactiva,0,0,0,0,35,0,1289,I004218,,,0,0,Secundaria,5,Sala dealer
87,SERVIMERCADEO SAS SUB SEVILLA,1035,CR 51 #57-29 BARRIO EL CARMEN,3105561292,Inactiva,0,0,0,0,35,0,2197,I004218,,,0,0,Secundaria,5,
88,INSTALACIONES SATELITALES Y ASESORIAS S.A.S,824,CR 6 # 13 - 57,3123298986,Inactiva,0,0,0,0,35,0,2735,I004218,,,0,0,Secundaria,5,
89,SERVIMERCADEO SAS PAT CALARCA,819,CR 10 # 10 - 48,3177341000,Inactiva,0,0,0,0,35,0,2863,I004218,,,0,0,Secundaria,5,
90,SUC SERVIMERCADEO SAO PORTAL,817,CR 14 # 19 NORTE - 46,3117463725,Inactiva,0,0,0,0,35,0,4063,I004218,,,0,0,Secundaria,5,
91,SUB SERVIMERCADEO  TESSICOL CR 28,849,CR 28 # 48 - 84,3143390739,Inactiva,0,0,0,0,35,0,1412,I004552,,,0,0,Secundaria,20,
92,SUB TECSISCOL SERVIMERCADEO,849,CR 50 # 11 - 04,310	3064645,Inactiva,0,0,0,0,35,0,1461,I004552,,,0,0,Secundaria,20,
93,GETECH SUB IPIALES,740,CALLE 19 NO 29 - 21 EDIFICIO SINDAMANOY,3106000943,Inactiva,0,0,0,0,35,0,4272,I004752,,,0,0,Principal,93,
94,SERVI ORLE,862,CARRERA 4 N. 6-32 CIMITARRA,3208094380,Inactiva,0,0,0,0,35,0,2378,I004552,,,0,0,Secundaria,20,
95,SUB SERVIMERCADEO MYF REDES TELECOMUNICACIONES,847,CARRERA 9 N. 10-63 B. CENTRO BARBOSA,3204882002,Inactiva,0,0,0,0,35,0,0755,I004393,,,0,0,Secundaria,17,
96,SERVIMERCADEO SANTA ROSA ORIENTE,186,CALLE 11 N. 13-36 B. LAS MERCEDES SANTA ROSA DEL S,3101000000,Inactiva,0,0,0,0,35,0,1835,I004552,,,0,0,Secundaria,17,
97,SANGIL,912,CALLE 15 N. 10-06 LOCAL 1 B. CENTRO SAN GIL,3101000000,Inactiva,0,0,0,0,35,0,1968,I004393,,,0,0,Secundaria,17,
98,J Y S DIGITALES S.A.S,916,CALLE  9 N. 9-15 B. LA POLA SAN VICENTE DE CHUCURI,3104978593,Inactiva,0,0,0,0,35,0,2377,I004552,,,0,0,Secundaria,20,
99,IC&D INGENIERIA SAS,843,CR 56 # 22 - 43,3101000000,Inactiva,0,0,0,0,35,0,2628,I004393,,,0,0,Secundaria,17,
100,PROSERTEC SAS,920,CL 13 # 16 - 22,3153122249,Inactiva,0,0,0,0,35,0,2716,I004393,,,0,0,Secundaria,17,
101,SERVIMERCADEO SAS SUB LA UNION,1026,CR 16 # 15 - 21 CENTRO,3113053534,Inactiva,0,0,0,0,35,0,0708,I004217,,,0,0,Secundaria,3,
102,SUB AGENTE BUGA,1010,CARRERA 13 # 9-45 CENTRO,3104978570,Inactiva,0,0,0,0,35,0,0720,I004217,,,0,0,Secundaria,3,
103,SERVIMERCADEO SAS SUB ZARZAL,1044,CR 10 # 13-05 ESQUINA BALBANERA,3147725835,Inactiva,0,0,0,0,35,0,2232,I004217,,,0,0,Secundaria,3,
104,SERVIMERCADEO SAS SUB CARTAGO,1015,CR 5 #8-51 LOCAL 1 CENTRO,3113053567,Inactiva,0,0,0,0,35,0,0766,I004174,,,0,0,Secundaria,1,
105,SERVIMERCADEO SAS SUB APIA,830,CL 9 # 7 - 20,3127664283,Inactiva,0,0,0,0,35,0,0771,I004174,,,0,0,Secundaria,1,Subagente
106,SERVIMERCADEO SAS PEREIRA PLAZA,829,CL 15 # 13 - 110,3100000000,Inactiva,0,0,0,0,35,0,1752,I004174,,,0,0,Secundaria,1,
107,SERVIMERCADEO SAS SUB VITERBO,344,CL 7 A # 6 - 69,3101000000,Inactiva,0,0,0,0,35,0,2098,I004174,,,0,0,Secundaria,1,
108,SERVIMERCADEO SAS BOLIVAR PLAZA,829,CR 8 # 19 - 41,3117313412,Inactiva,0,0,0,0,35,0,2472,I004174,,,0,0,Secundaria,1,
109,SERVIMERCADEO SAS  ARBOLEDA,829,CS 520 AVENIDA CIRCUNVALAR,3104226600,Inactiva,0,0,0,0,35,0,3314,I004174,,,0,0,Secundaria,1,
110,CERETE,431,CALLE 12 # 9-16 ,3146363102,Inactiva,0,0,0,0,35,0,0741,I004412,,,0,0,Secundaria,11,
111,SAN ANTERO,449,CALLE 12 # 17-16 B/ CARDALES ,3101000000,Inactiva,0,0,0,0,35,0,0742,I004412,,,0,0,Secundaria,11,
112,PLANETA RICA,442,CRA 7 # 15-58 B/ LA CANDELARIA ,3101000000,Inactiva,0,0,0,0,35,0,0748,I004412,,,0,0,Secundaria,11,
113,TIERRA ALTA,453,CRA 7 # 13A-30 CENTRO,3212508208,Inactiva,0,0,0,0,37,0,0750,I004412,,,0,0,Secundaria,11,
114,MONTELIBANO II,440,CRA 17 # 16-05 B/ SAN JOSE ,3101000000,Inactiva,0,0,0,0,35,0,0751,I004412,,,0,0,Secundaria,11,
115,CC BUENAVISTA SAO,427,CALLE 68 LOCAL 101,3101000000,Inactiva,0,0,0,0,35,0,1540,I004412,,,0,0,Secundaria,11,
116,PAT SERVIMERCADEO  CIENAGA DE ORO,434,CRA 15 # 4 -32 CENTRO - PDV 2100,3101000000,Inactiva,0,0,0,0,35,0,2100,I004412,,,0,0,Secundaria,11,
117,SUB AGENTE  ELIAS,427,TRANSVERSAL 5 # 22 -43 - PDV 2398,3116390575,Inactiva,0,0,0,0,576,0,2398,I004412,,,0,0,Secundaria,11,
118,TELECOMUNICACIONES YOYI SAS,447,CL 18 # 1A - 10 B/ COROCITO,3053164740,Inactiva,0,0,0,0,35,0,2473,I004412,,,0,0,Secundaria,11,
119,PAT ÉXITO VARIEDADES SERVIMERCADEO,427,CL 32 # 3 - 67,3106837139,Inactiva,0,0,0,0,35,0,3682,I004412,,,0,0,Secundaria,11,
120,SUC PUERTO BERRIO,80,CALLE 54 # 5 - 35 ,3113373779,Inactiva,0,0,0,0,35,0,0679,I004713,,,0,0,Secundaria,12,
121,SUB SANTA ROSA DE OSOS,122,CALLE 30 # 28 - 23 LOCAL 104 ,3116771220,Inactiva,0,0,0,0,35,0,0680,I004716,,,0,0,Secundaria,56,
122,SUB AMALFI,6,CL REAL 11 08,3177714356,Inactiva,0,0,0,0,35,0,0681,I004715,,,0,0,Secundaria,14,Subagente
123,SUB GIRARDOTA JULIMAR SAS,51,CARREARA 15 # 5 B- 45 INTERIOR 103,3137182819,Inactiva,0,0,0,0,35,0,0683,I004213,,,0,0,Secundaria,14,
124,SUB EL PEÑOL,77,CARRERA 16 # 2 - 23,3104975406,Inactiva,0,0,0,0,35,0,0684,I004212,,,0,0,Secundaria,12,
125,SUB SANTA BARBARA,101,CALLE 52 # 50 - 19,3104974273,Inactiva,0,0,0,0,35,0,0685,I004213,,,0,0,Secundaria,14,
126,SUB ANDES RYB COMUNICACIONES,7,CALLE ARBOLEDA 49 A - 12,3206934359,Inactiva,0,0,0,0,35,0,0686,I004213,,,0,0,Secundaria,14,Subagente
127,SUB SONSON,106,CR 6 # 9 - 57,3113245733,Inactiva,456,0,0,0,286,0,0687,I004212,,,0,0,Secundaria,12,
128,SUB URRAO,115,CALLE 29 # 29 - 28,3206321786,Inactiva,0,0,0,0,35,0,0688,I004213,,,0,0,Secundaria,14,
129,SUC CAÑAS GORDAS,29,CARRERA 30 # 27 - 17,3137389553,Inactiva,0,0,0,0,35,0,0690,I004582,,,0,0,Secundaria,23,
130,SUC YARUMAL,122,CARRERA 22 # 20 - 61,3206771378,Inactiva,0,0,0,0,35,0,0691,I004716,,,0,0,Secundaria,56,
131,SUC ENVIGADO,1,CR 42 # 38 A SUR - 75,3184936542,Inactiva,0,0,0,0,35,0,0695,I004213,,,0,0,Secundaria,14,
132,SUC SAN NICOLAS,85,CL 43 # 54 - 139,3108256850,Inactiva,0,0,0,0,35,0,0700,I004212,,,0,0,Secundaria,12,
133,SUC CC UNION,1,CR 49 # 52 - 107,3108256850,Inactiva,0,0,0,0,35,0,0701,I004213,,,0,0,Secundaria,14,
134,SUB ENTRERIOS,46,CALLE 10 # 12-20  CALLE RIAL,3127996524,Inactiva,0,0,0,0,35,0,1303,I004716,,,0,0,Secundaria,56,
135,SERVIMERCADEO ZARAGOZA,125,CALLE PRINCIPAL EL COMERCIO UNA CUADRA ANTES DE LA,3104979676,Inactiva,0,0,0,0,35,0,1304,I004276,,,0,0,Secundaria,13,
136,PDV SUB GUARNE,55,CARRERA 52 # 49 - 15,3007974502,Inactiva,0,0,0,0,35,0,1305,I004212,,,0,0,Secundaria,12,
137,SERVICIOS INTEGRALES  DEL SINU  SAS,14,CL 26 # 9A -23 B/ LA Y,3101000000,Inactiva,0,0,0,0,35,0,1779,I004412,,,0,0,Secundaria,11,Subagente
138,SUB BELLO,19,AV 35 DIG 55 - 128  NIQUIA ,3108256850,Inactiva,0,0,0,0,35,0,2707,I004213,,,0,0,Secundaria,14,
139,PAT SERAMERICANA,1,CL 49 # 65 - 87,3108256850,Inactiva,0,0,0,0,35,0,3370,I004213,,,0,0,Secundaria,14,
140,PAT LA MILAGROSA,1,CR 30 # 41 - 35,3108256850,Inactiva,0,0,0,0,35,0,3759,I004213,,,0,0,Secundaria,14,
141,CC VERACRUZ,1,CR 51 # 51 - 52,3108256850,Inactiva,0,0,0,0,35,0,3933,I004213,,,0,0,Secundaria,14,
142,PAT SERVIMERCADEO NOROCCIDENTE,11,CALLLE 9 # 10 - 26,3126248506,Inactiva,0,0,0,0,35,0,4009,I004582,,,0,0,Secundaria,23,
143,SUB SERVIMERCADEO LA PRADERA,126,CL 80 # 10 - 64 SUR,3122561864,Inactiva,0,0,0,0,35,0,0728,I004271,,,0,0,Secundaria,9,
144,SUB SERVIMERCADEO BARANOA,127,CARRERA 18A NO 22-95,3005289628,Inactiva,0,0,0,0,35,0,0730,I004271,,,0,0,Secundaria,9,Subagente
145,SUB SERVIMERCADEO SAN FELIPE,126,CL 70 C # 21 B - 65,3105901992,Inactiva,0,0,0,0,35,0,1544,I004271,,,0,0,Secundaria,9,
146,SUB SERVIMERCADEO CONCORDIA,661,CR 50 B # 46 - 33,3105901992,Inactiva,0,0,0,0,35,0,1577,I004271,,,0,0,Secundaria,9,
147,DIR SERVIMERCADEO CENTRO BARANOA,127,CR 18 # 16 - 36,3113053562,Inactiva,0,0,0,0,35,0,2223,I004271,,,0,0,Secundaria,9,
148,SUB SERVIMERCADEO SIMON BOLIVAR SOLEDAD,145,CL 17 E # 7 - 66,3122563066,Inactiva,0,0,0,0,35,0,2240,I004271,,,0,0,Secundaria,9,
149,DIR SERVIMERCADEO OLIMPICA CLL 72,126,CR 47 # 72 - 05,3005543955,Inactiva,0,0,0,0,35,0,2663,I004271,,,0,0,Secundaria,9,Stand dealer
150,SERVIMERCADEO PTO COLOMBIA,139,CL 13 # 4 - 43,3111111111,Inactiva,0,0,0,0,35,0,2865,I004271,,,0,0,Secundaria,9,
151,DIR SERVIMERCADEO OLIMPICA CIUDAD JARDIN (PAT POS),126,CL 78 # 42 - 100,3122563066,Inactiva,0,0,0,0,35,0,3136,I004271,,,0,0,Secundaria,9,Stand dealer
152,SUB SERVIMERCADEO PARAISO,126,CR 42 # 84 - 100,3122563066,Inactiva,0,0,0,0,35,0,3150,I004271,,,0,0,Secundaria,9,Stand dealer
153,SUB SERVIMERCADEO VILLA CAMPESTRE,126,CR 51 B # 136 - 00,3122563066,Inactiva,0,0,0,0,35,0,3151,I004271,,,0,0,Secundaria,9,Stand dealer
154,SUB SERVIMERCADEO SOLEDAD LOS LAURELES,132,CR 45 # 55 E - 17,3122563066,Inactiva,0,0,0,0,35,0,3153,I004271,,,0,0,Secundaria,9,
155,SUB SERVIMERCADEO SANTO TOMAS,144,CR 2 # 8 - 00,3122563066,Inactiva,0,0,0,0,35,0,3154,I004271,,,0,0,Secundaria,9,
156,SUB SERVIMERCADEO CONCEPCION,126,CL 77 # 67 - 00,3122563066,Inactiva,0,0,0,0,35,0,3155,I004271,,,0,0,Secundaria,9,
157,LA VICTORIA SERVIMERCADEO SAS,126,CR 14 # 44 - 55,3106344460,Inactiva,0,0,0,0,35,0,4504,I004271,,,0,0,Secundaria,9,Sala dealer
158,SALA LA GRAN COLOMBIA,777,AVENIDA 5 N. 13-10 B. CENTRO CUCUTA,3101000000,Inactiva,0,0,0,0,35,0,1820,I004476,,,0,0,Secundaria,19,Subagente
159,SODITEL,816,CARRERA 6 N. 6-09 LOCAL 6 CC KELLY ESQUINA,3101000000,Inactiva,0,0,0,0,35,0,1912,I004476,,,0,0,Secundaria,19,
160,IC&D INGENIERIA,777,AVENIDA 4E N. 5-14 B. POPULAR CUCUTA,3101000000,Inactiva,0,0,0,0,35,0,1913,cucuta,,,0,0,Secundaria,19,
161,AVENIDA LIBERTADORES CC UNICENTRO,777,AVENIDA LIBERTADORES CON CANAL BOGOTA CUCUTA,3111111111,Inactiva,0,0,0,0,35,0,2370,I004476,,,0,0,Secundaria,19,Sala dealer
162,C&R INSTALCIONES,813,CR 6 # 6 - 19,3208998088,Inactiva,0,0,0,0,35,0,2424,I004476,,,0,0,Secundaria,19,
163,IDIMCO S.A.S,777,AV 3 # 12 SUR - 01,3184316732,Inactiva,0,0,0,0,35,0,2491,I004476,,,0,0,Secundaria,19,
164,IC&D INGENIERIA LOS PATIOS,798,AV 10 # 18 - 36,3175876063,Inactiva,0,0,0,0,35,0,2872,I004476,,,0,0,Secundaria,19,
165,IC&D INGENIERIAN PAMPLONA,802,CR 5 # 8 B - 40,3175876063,Inactiva,0,0,0,0,35,0,3065,I004476,,,0,0,Secundaria,19,
166,ROA & LOZANO,777,AV 4 # 14 - 68,3157905998,Inactiva,0,0,0,0,35,0,3614,I004476,,,0,0,Secundaria,19,
167,SUC YARUMAL,122,CR 22 # 19 - 60,3108256850,Inactiva,0,0,0,0,35,0,5131,I004716,,,0,0,Secundaria,56,
168,SUB SANTA ROSA DE OSOS FAMILIA TV SAS,122,CR 28 # 30 A - 94,3108256850,Inactiva,0,0,0,0,35,0,5132,I004716,,,0,0,Secundaria,56,
169,STAND CENTENARIO,1003,AV 4 # 7 NORTE - 46,3106753956,Inactiva,0,0,0,0,35,0,4998,I004283,,,0,0,Secundaria,2,Stand dealer
170,CENTRO COMERCIAL CARRERA,1003,CR 7 # 13 - 70,3106753956,Inactiva,0,0,0,0,35,0,4999,I004283,,,0,0,Secundaria,2,Stand dealer
171,PIPE SAN CALIXTO,807,KDX  350 BARRIO TAMACO PUNTO EFECTY,3101000000,Inactiva,0,0,0,0,35,0,2622,I004731,,,0,0,Secundaria,58,
172,TECSISCOL YONDO,124,CR 50 # 54 - 18,3508010108,Inactiva,0,0,0,0,35,0,2868,I004552,,,0,0,Secundaria,20,
173,SERVIMERCADEO SEGOVIA,105,BARRIO LA 70 CC LA LOCA LOCAL 220,3146093775,Inactiva,467,0,0,0,286,0,01905,I004715,,,0,0,Principal,0,
174,SERVIMERCADEO PUERTO BERRIO,80,CALLE 51 NRO 4 - 26 LOCAL 103,3105900268,Inactiva,481,0,0,0,13,0,01905,I004713,,,0,0,Principal,0,
175,PUERTO BERRIO - SERVIMERCADEO PUERTO BERRIO,80,4543223423,423423,Inactiva,153,0,0,0,13,0,43234,23423432,,,0,0,Principal,0,
176,SERVIMERCADEO SAS SUB MONTENEGRO,825,CL 15 # 5 - 26,3045209075,Inactiva,0,0,0,0,35,0,4855,I004218,,,0,0,Secundaria,5,
177,STAND ÉXITO SAN FERNANDO,1003,CL 5 # 38 - 35,3106753956,Inactiva,0,0,0,0,35,0,5852,I004283,,,0,0,Secundaria,2,Stand dealer
178,PUERTO TEJADA SERVIMERCADEO SAS,387,CR 19 # 17 - 51,3101000000,Inactiva,0,0,0,0,35,0,4540,I004324,,,0,0,Secundaria,7,
179,INVERSIONES NABO NET COMUNICACIONES SAS,801,CARRERA 12 CENTRO # 10 - 72,3044011069,Inactiva,0,0,0,0,35,0,5756,I004731,,,0,0,Secundaria,19,
180,SUB URRAO ASESORATE,115,CR 30 # 30 - 29,1111,Inactiva,0,0,0,0,35,0,6048,I004711,,,0,0,Secundaria,14,
181,CC GRAN PLAZA,1,CL 45 # 53 - 50,11111,Inactiva,0,0,0,0,35,0,5755,I004213,,,0,0,Secundaria,14,
182,PUNTO PRINCIPAL CL SUCRE FRENTE A MERCA Z,774,CL SUCRE FRENTE A MERCA Z,111,Inactiva,0,0,0,0,576,0,4854,I004746,,,0,0,Secundaria,6,
183,SERVIMERCADEO SAO 53,126,BARRANQUILLA,111,Inactiva,0,0,0,0,35,0,6398,I004271,,,0,0,Secundaria,9,Stand dealer
184,SUB YUMBO  ANDUQUIA,1043,CR 11 # 6 - 38 SAN FERNANDO,3106753956,Inactiva,0,0,0,0,35,0,6449, I004283,,,0,0,Secundaria,2,
185,SERVIMERCADEO SAS SUB CARTAGO AMARILLAS,1015,CR 5 # 9 - 59,3117306829,Inactiva,0,0,0,0,35,0,6362,I004174,,,0,0,Secundaria,1,
186,SERVIMERCADEO SAS SUB CARTAGO AMARILLAS,1015,CR 5 # 9 - 59,3117306829,Inactiva,0,0,0,0,35,0,6362,I004174,,,0,0,Secundaria,1,
187,SERVIMERCADEO SUB CAICEDONIA ROBINSON VALENCIA,1012,CL 9 # 14 - 08 CENTRO,3113192501,Inactiva,0,0,0,0,35,0,6415,I004218,,,0,0,Secundaria,5,
188,CENTRO DE DATOS TIC,829,CRA 12 # 3-49,,Inactiva,0,0,0,0,24,0,0,,,,0,0,Principal,57,
189,TECNOVILAN,1014,CL 14 # 11 - 26 VILLA GORGONA,3106753956,Inactiva,0,0,0,0,35,0,6669,I004283,,,0,0,Secundaria,2,
190,SOLUCIONES ESPECIALIZADAS DE OCCIDENTE SAS,391,11,111,Inactiva,0,0,0,0,35,0,6729,I004324,,,0,0,Secundaria,7,
191,SERVIVISION LA HORMIGA DTV,1082,CR 10 # 8 51,111,Inactiva,0,0,0,0,35,0,3284,I004320,,,0,0,Secundaria,6,
192,CENTRO COMERCIAL CALIMA,817,CR 6 # 3 - 180 CENTRO,3401222,Inactiva,0,0,0,0,35,0,6773,I004218,,,0,0,Principal,5,Stand dealer
193,IC&D INGENIERIA LA 14 ,777,CL 14 # 11 - 35,,Inactiva,0,0,0,0,35,0,6660,I004476,,,0,0,Secundaria,19,
194,SERVIMERCADEO SUB LA TEBAIDA,824,CLL 13 # 7-45,3187929835,Inactiva,0,0,0,0,35,0,6838,I004218,,,0,0,Secundaria,5,
195,SERVIMERCADEO CALL CENTER PEREIRA,829,CR 12 #3-49,3401222,Inactiva,0,0,0,0,35,0,6841,I004174 ,,,0,0,Secundaria,1,
196,BODEGA REPARACIONES ,829,CR 12   3 49 ,,Inactiva,287,0,0,0,286,0,000,,,,0,0,Principal,1,
197,SERVIMERCADEO TAT OCAÑA BODEGA,801,CL 11 # 16 A - 68,1111,Inactiva,0,0,0,0,35,0,5338,I004476,,,0,0,Secundaria,19,
198,SERVIMERACDEO,126,CL 6 # 5 - 02,3401222,Inactiva,0,0,0,0,35,0,6858,I004271,,,0,0,Secundaria,9,Subagente
199,SALA VENTAS SAHAGUN,427,CL 15 # 3 - 164,6390575,Inactiva,0,0,0,0,35,0,6821,I004412 ,,,0,0,Secundaria,11,
200,INTELSATV,384,1 # 4 - 83,8323081,Inactiva,0,0,0,0,35,0,6033,I004324,,,0,0,Secundaria,7,
201,PDV CC ITAGUI,59,1,,Inactiva,0,0,0,0,35,0,6917,I004213,,,0,0,Secundaria,14,
202,CYBERIA COM,43,CR 30 # 29 - 19,3014183327,Inactiva,0,0,0,0,35,0,3659,I004213,,,0,0,Secundaria,14,
203,SERVIMERCADEO SAS SUB BELEN DE UMBRIA,832,CL 9 A # 9 - 15,8793699,Inactiva,0,0,0,0,35,0,6364,I004174,,,0,0,Secundaria,1,
204,TECNICO EXPRESS ASESOR RIONEGRO,85,AUTOPISTA VE FONTIGO,3127914861,Inactiva,0,0,0,0,576,0,7014,I004212,,,0,0,Secundaria,12,
205,TECNICO EXPRESS ASESOR FRONTINO,49,CR 34 # 17 - 46 FRONTINO,3122837696,Inactiva,0,0,0,0,576,0,7015,I004212,,,0,0,Secundaria,12,
206,SUB CIUDAD BOLIVAR JEZ,1,CL 50 # 47 - 85	CIUDAD BOLIVAR,3113670732,Inactiva,0,0,0,0,576,0,7012,I004213,,,0,0,Secundaria,14,
207,SUB COCORNA,38,CL 21 # 22 - 35	COCORNA,3117513700,Inactiva,0,0,0,0,576,0,7013,I004212,,,0,0,Secundaria,12,
208,ÉXITO LA  ROSITA ,843,CR 17 # 45 - 77	LA CONCORDIA,3133855219,Inactiva,0,0,0,0,35,0,7022,I004393,,,0,0,Secundaria,17,Stand dealer
209,SUBAGENTE CAUCASIA JUAN MIGUEL HERNANDEZ,35,CR 15 # 12 - 15	CAUCASIA,3217815589,Inactiva,0,0,0,0,576,0,7025,I004213,,,0,0,Secundaria,14,
210,OLIMPICA 82 CON 53,126,BARRANQUIILA,3401222,Inactiva,0,0,0,0,35,0,7065,I004271,,,0,0,Secundaria,9,Stand dealer
211,SERVI TAT PAMPLONA ENTRE LINEAS,802,CR 4 # 1 C - 78 BR LAS  AMERICAS,3172515713,Inactiva,0,0,0,0,576,0,5187,I004476,,,0,0,Secundaria,19,
212,SERVIMERCADEO SAS VICTORIA,829,CR 11 BIS # 17 - 20 CENTRO,3117313412,Inactiva,0,0,0,0,576,0,7088,I004174,,,0,0,Secundaria,1,
213,SUB QUIMBAYA SERVIMERCADEO,827,CR 7 # 15 - 09 CENTRO,3175516022,Inactiva,0,0,0,0,576,0,7030,I004218,,,0,0,Secundaria,5,
214,SERVIMERCADEO CC UNICENTRO ARMENIA,817,CRA 14 #6-02 ARMENIA,3401222,Inactiva,0,0,0,0,35,0,7106,I004218,,,0,0,Secundaria,5,Stand dealer
215,FALABELLA SANTAFE MEDELLIN DEA,1,CR 43 A # 7 - 00 LC 1076 SURÁ 150 - EL POBLADO,3121111111,Inactiva,0,0,0,0,576,0,7052,I004213,,,0,0,Secundaria,14,
216,FALABELLA SAN DIEGO DIR,1,CR 43 # 36 - 00 Á 04,3121111111,Inactiva,0,0,0,0,576,0,7051,I004213,,,0,0,Secundaria,14,
217,FALABELLA CENTRO COMERCIAL WTC DEA,1003,AV 6 # 36 NORTE - 00 CCO WTC,3121111111,Inactiva,0,0,0,0,35,0,7053,I004283,,,0,0,Secundaria,2,Pat dealer
218,SERVIMERCADEO SAS ÉXITO CHIPICHAPE,1003,CALI,3401222,Inactiva,0,0,0,0,35,0,7137,I004283,,,0,0,Secundaria,2,Stand dealer
219,SERVIMERCADEO SAS ÉXITO UNICENTRO,1003,CALI,3401222,Inactiva,0,0,0,0,35,0,7138,I004283,,,0,0,Secundaria,2,Stand dealer
220,FALABELLA PARQUE ARBOLEDA DEA,829,CC PARQUE ARBOLEDA - PEREIRA,3401222,Inactiva,0,0,0,0,576,0,7055,I004174,,,0,0,Secundaria,1,
221,SERVIMERCADEO CC UNICENTRO ARMENIA,817,UNICENTRO ARMENIA,3401222,Inactiva,0,0,0,0,576,0,7106,I004218,,,0,0,Secundaria,5,
222,ÉXITO SAN MATEO,777,CUCUTA,3401222,Inactiva,0,0,0,0,35,0,7176,I004476,,,0,0,Secundaria,19,Stand dealer
223,ÉXITO POBLADO SERVIMERCADEO,1,MEDELLIN,3401222,Inactiva,0,0,0,0,576,0,7184,I004213,,,0,0,Secundaria,14,
224,ÉXITO UNICENTRO SERVIMERCADEO,1,MEDELLIN,3401222,Inactiva,0,0,0,0,576,0,7165,I004213,,,0,0,Secundaria,14,
225,ÉXITO ENVIGADO SERVIMERCADEO,1,ENVIGADO,340122,Inactiva,0,0,0,0,576,0,7185,I004213,,,0,0,Secundaria,14,
226,SERVIMERCADEO SUB DOSQUEBRADAS,833,CL 15 # 16 - 08,3401222,Inactiva,0,0,0,0,576,0,7107,I004174,,,0,0,Secundaria,1,
227,HUGHES NET BOM,126,CALLE 58 N° 64-29 SANTA ANA,3401222,Inactiva,754,0,0,0,338,0,0,,,,0,0,Principal,0,
228,SERVIMERCADEO CC VILLA COUNTRY,126,BARRANQUILLA,3401222,Inactiva,0,0,0,0,35,0,7186,I004271,,,0,0,Secundaria,9,Stand dealer
229,PUNTO DE VENTA ÉXITO PANAMERICANA,361,POPAYÁN,3401222,Inactiva,0,0,0,0,576,0,7166,I004324,,,0,0,Secundaria,7,
230,ÉXITO POBLADO SERVIMERCADEO,1,MEDELLÍN,3401222,Inactiva,0,0,0,0,576,0,7184,I004213,,,0,0,Secundaria,14,
231,ÉXITO BUENAVISTA,126,BARRANQUILLA,3401222,Inactiva,0,0,0,0,35,0,7162,I004271,,,0,0,Secundaria,9,Stand dealer
232,SUB SAN PELAYO,452,CL 6 #8-24 BARRIO LA SANTA – SAN PELAYO,305 7704651,Inactiva,0,0,0,0,576,0,7408,I004412,,,0,0,Secundaria,11,
233,CALL CENTER TYS CONTAC,126,CR 54 # 64 - 245 ,3125577405,Inactiva,0,0,0,0,576,0,7433,I004271,,,0,0,Secundaria,9,
234,SERVIMERCADEO SUBAGENTE DIEGO SANCHEZ,1043,YUMBO,3101222,Inactiva,0,0,0,0,576,0,7441,I004283,,,0,0,Secundaria,2,
235,SERVIMERCADEO SUBAGENTE LEIDY COLLAZOS JAMUNDI,1024,JAMUNDI,3401222,Inactiva,0,0,0,0,576,0,7475,I004283,,,0,0,Secundaria,2,
236,EXITO BELLO CENTRO DEA,1,CR 49 # 50 - 12,3401222,Inactiva,0,0,0,0,576,0,7546,I004213,,,0,0,Secundaria,14,
237, SERVIMERCADEO PEREIRA - IGT STOCK,829,CRA 12 # 3 - 49 LA REBECA,,Inactiva,0,0,0,0,338,0,IGT100,100,,,0,0,Principal,0,
238, SERVIMERCADEO PEREIRA - IGT DEVOLUCIONES,829,CRA 12 # 3 - 49 LA REBECA,,Inactiva,0,0,0,0,338,0,IGT101,101,,,0,0,Principal,0,
239, SERVIMERCADEO ARMENIA - IGT STOCK,829,ARMENIA,,Inactiva,0,0,0,0,338,0,IGT110,110,,,0,0,Principal,0,
240,&#8203; SERVIMERCADEO ARMENIA - IGT DEVOLUCIONES,817,ARMENIA,,Inactiva,0,0,0,0,338,0,IGT111,111,,,0,0,Principal,0,
241, SERVIMERCADEO MANIZALES - IGT STOCK,318,MANIZALES,,Inactiva,0,0,0,0,338,0,IGT120,120,,,0,0,Principal,0,
242,&#8203; SERVIMERCADEO MANIZALES - IGT DEVOLUCIONES,318,MANIZALES,,Inactiva,0,0,0,0,338,0,IGT121,121,,,0,0,Principal,0,
243, SERVIMERCADEO BARRANCABERMEJA - IGT STOCK,849,BARRANCABERMEJA,,Inactiva,0,0,0,0,338,0,IGT130,130,,,0,0,Principal,0,
244,&#8203; SERVIMERCADEO BARRANCABERMEJA - IGT DEVOLUCIONES,849,BARRANCABERMEJA,,Inactiva,0,0,0,0,338,0,IGT131,131,,,0,0,Principal,0,
245, SERVIMERCADEO CALI - IGT STOCK,1003,CALI,,Inactiva,0,0,0,0,338,0,IGT140,140,,,0,0,Principal,0,
246,&#8203; SERVIMERCADEO CALI - IGT DEVOLUCIONES,1003,CALI,,Inactiva,0,0,0,0,338,0,IGT141,141,,,0,0,Principal,0,
247, SERVIMERCADEO BARRANQUILLA - IGT STOCK,126,BARRANQUILLA,,Inactiva,0,0,0,0,338,0,IGT150,150,,,0,0,Principal,0,
248,&#8203; SERVIMERCADEO BARRANQUILLA - IGT DEVOLUCIONES,126,BARRANQUILLA,,Inactiva,0,0,0,0,338,0,IGT151,151,,,0,0,Principal,0,
249, SERVIMERCADEO POPAYAN - IGT STOCK,361,POPAYAN,,Inactiva,0,0,0,0,338,0,IGT160,161,,,0,0,Principal,0,
250,&#8203; SERVIMERCADEO POPAYAN - IGT DEVOLUCIONES,361,POPAYAN,,Inactiva,0,0,0,0,338,0,IGT161,161,,,0,0,Principal,0,
251, SERVIMERCADEO PASTO - IGT STOCK,713,PASTO,,Inactiva,0,0,0,0,338,0,IGT170,170,,,0,0,Principal,0,
252,&#8203; SERVIMERCADEO PASTO - IGT DEVOLUCIONES,713,PASTO,,Inactiva,0,0,0,0,338,0,IGT171,171,,,0,0,Principal,0,
253,&#8203; SERVIMERCADEO PENSILVANIA - IGT STOCK,335,PENSILVANIA,,Inactiva,0,0,0,0,338,0,IGT190,190,,,0,0,Principal,0,
254,&#8203; SERVIMERCADEO PENSILVANIA - IGT DEVOLUCIONES,335,PENSILVANIA,,Inactiva,0,0,0,0,338,0,IGT191,191,,,0,0,Principal,0,
255,&#8203; SERVIMERCADEO MEDELLIN - IGT STOCK,1,MEDELLIN,,Inactiva,0,0,0,0,338,0,IGT180,180,,,0,0,Principal,0,
256,&#8203; SERVIMERCADEO MEDELLIN - IGT DEVOLUCIONES,1,MEDELLIN,,Inactiva,0,0,0,0,338,0,IGT181,181,,,0,0,Principal,0,
257,SUB SAN PELAYO,427,CL 6 # 8 - 24 SAN PELAYO,3116390575,Inactiva,0,0,0,0,576,0,7408,I004412,,,0,0,Secundaria,11,
258,SERVIMERCADEO ARMENIA - IGT STOCK,817,ARMENIA,,Inactiva,0,0,0,0,338,0,007,,,,0,0,Principal,0,
259,HOMECENTER RET MONTERIA,427,CL 65 # 10 - 19 BUENOS AIRES,3401222,Inactiva,0,0,0,0,576,0,7457,I004412,,,0,0,Secundaria,11,
260,SUBAGENTE CAUCASIA CARLOS MARIO JIMENEZ ,35,CR 6 # 18 - 25 CAUCASIA,3401222,Inactiva,0,0,0,0,576,0,7510,I004213,,,0,0,Secundaria,14,
261,SERVIMERCADEO OLIMPICA 21,126,CALLE 64 # 21 ESQUINA- LOS ANDES,3401222,Inactiva,0,0,0,0,35,0,7580,I004271,,,0,0,Secundaria,9,Stand dealer
262,SSOMPRO SATELITAL S.A.S ,387,CL 16 # 17 - 53,3401222,Inactiva,0,0,0,0,576,0,7418,I004324,,,0,0,Secundaria,2,
263,SUBAGENTE JG TECNOSOLUCIONES,1014,CL 100 # 12 - 105 ,3401222,Inactiva,0,0,0,0,576,0,7551,I004283,,,0,0,Secundaria,2,
264,SERVIMERCADEO CALL CENTER CALI,1003,CL 47 NORTE # 5 A - 44,3401222,Inactiva,0,0,0,0,35,0,6924,I004283,,,0,0,Secundaria,2,Call center
265,SPEED TECNOLOGÍA SAS PIENDAMO,386,CL 7 # 9 - 07,3401222,Inactiva,0,0,0,0,576,0,5130,I004324,,,0,0,Secundaria,7,
266,SUBAGENTE SAN PEDRO EVOLUCION SATELITAL S.A.S,96,CR 50 # 48 - 29 SAN PEDRO,3401222,Inactiva,0,0,0,0,576,0,7884,I004213,,,0,0,Secundaria,14,
267,SUBAGENTE ANORI,10,CR 30 # 29 - 30 ANORI,3401222,Inactiva,0,0,0,0,35,0,7885,I004716,,,0,0,Secundaria,14,Subagente
268,SERVIMERCADEO CALL CENTER VISION 24 7 MANIZALES,318,CR 19 # 64 - 69 LC 1 ED BABILONIA,3401222,Inactiva,0,0,0,0,576,0,7895,I004219,,,0,0,Secundaria,4,
269,RECUPERACION DE VENTAS CALL CENTER OCCIDENTE,829,CR 12 # 3 - 49 POPULAR MODELO,3401222,Inactiva,0,0,0,0,576,0,7901,I004174,,,0,0,Secundaria,1,
270,PDV OCAÑA ,801,CR 28 # 8 - 11 OCAÑA,3401222,Inactiva,0,0,0,0,576,0,7909,I004731,,,0,0,Secundaria,19,
271,SERVIMERCADEO SUBAGENTE JAMUNDI LESSLEY,1024,CR 12 # 12 - 06 JAMUNDI,3401222,Inactiva,0,0,0,0,37,0,7937,I004283,,,0,0,Secundaria,2,
272,SPEED TECNOLOGIA SAS TAMB,371,CL 2 # 6 - 48 EL TAMBO,3401222,Inactiva,0,0,0,0,576,0,7943,I004324,,,0,0,Secundaria,7,
273,SUPERMERCADO BOOM CENTRAL MAYORISTA,59,CENTRAL MAYORISTA BLOQUE 25  LOC 23,3401222,Inactiva,0,0,0,0,576,0,7944,I004213,,,0,0,Secundaria,14,
274,CENTRO COMERCIAL MONTERREY,1,CR 48 # 10 - 45,3401222,Inactiva,0,0,0,0,576,0,7945,I004213,,,0,0,Secundaria,14,
275,SUB SERVIMERCADEO CHINCHINÁ,323,CALLE 10 NO 6-30,3401222,Inactiva,0,0,0,0,37,0,7973,I004219,,,0,0,Secundaria,4,
276,SUB POPAYÁN LEIDY COLLAZOS,361,CARRERA 11A # 1A-02,3401222,Inactiva,0,0,0,0,576,0,7949,I004283,,,0,0,Secundaria,7,
277,CALL CENTER SERVIMERCADEO ORIENTE,798,AV 5 # 5 - 50,3401222,Inactiva,0,0,0,0,576,0,8010,I004476,,,0,0,Secundaria,19,
278,PAT LA 14,126,CRA 14 NO. 45,3401222,Inactiva,0,0,0,0,35,0,8117,I004271,,,0,0,Secundaria,9,Pat dealer
279,SUB CONCORDIA MULTISERVICIOS,38,CR 18 # 17 - 11,3401222,Inactiva,0,0,0,0,576,0,12210,I004213,,,0,0,Secundaria,14,
280,TECNICO EXPRESS ASESOR SANTA BARBARA,101,CL 52 # 50 - 19,3401222,Inactiva,0,0,0,0,576,0,8148,I004213,,,0,0,Secundaria,14,
281,SERVICIOS OPORTUNOS SYM,849,"KR 36 C - CASA N 28, BARRIO LA TORA, BARRANCA",3401222,Inactiva,0,0,0,0,576,0,12464,I004552,,,0,0,Secundaria,20,
282,SUBAGENTE CAUCASIA ANGELA,35,CRA 9 N 22-42 B/ KENNEDY,3401222,Inactiva,0,0,0,0,576,0,12229,I004213,,,0,0,Secundaria,14,
283,SERVIMERCADEO FREE LANCE PEREIRA,829,CRA 9BIS # 29 - 68 CC SAN ANDRESITO,3401222,Inactiva,0,0,0,0,576,0,12453,I004174,,,0,0,Secundaria,1,
284,TECNICO EXPRESS ASESOR RIONEGRO II,85,RIONEGRO,3401222,Inactiva,0,0,0,0,35,0,8147,,,,0,0,Secundaria,12,
285,CALL CENTER SERVIMERCADEO MEDELLIN,1,MEDELLIN,3401222,Inactiva,0,0,0,0,576,0,18133,I004213,,,0,0,Secundaria,14,
286,DOCTOR HOUSE ELECTRONICS,139,CALLE 7B # 2-17 ,3401222,Inactiva,0,0,0,0,576,0,19080,I004271,,,0,0,Secundaria,9,
287,PUTUMAYO - PUERTO LEGUISAMO,1077,CRA 1 CALLE 2,,Inactiva,0,0,0,0,338,0,-,I004756,,,0,0,Secundaria,8,
288,SERVIMERCADEO CALL CENTER BUCARAMANGA,843,BUCARAMANGA,3401222,Inactiva,0,0,0,0,35,0,25390,I004393,,,0,0,Secundaria,17,Call center
289,SUB AGENTE CHINU,433,CHINU,3401222,Inactiva,0,0,0,0,35,0,7712,I004412,,,0,0,Secundaria,11,
290,MOVILSHOP,777,CUCUTA,3401222,Inactiva,0,0,0,0,35,0,25429,I004476 ,,,0,0,Secundaria,19,
291,SERVIMERCADEO CC MALL PLAZA,318,MANIZALES,3401222,Inactiva,0,0,0,0,35,0,19048,I004219,,,0,0,Secundaria,4,
292,SERVIMERCADEO TULUA 2,1038,TULUA,30010020010,Inactiva,0,0,0,0,338,0,25505,I004283,,,0,0,Secundaria,2,Otros
293,SERVIMERCADEO TUMACO,774,CALLE 14 # 9 B-232 FRENTE A MERCA Z ,,Activa,1201,0,0,0,338,0,t001,,,,0,0,Principal,0,Otros
294,DISTRICOLOMBIA,1009,BUENAVENTURA,,Inactiva,0,0,0,0,35,0,25565,I004283,,,0,0,Secundaria,2,Subagente
295,ALIANZA EXITO LAURELES,1,MEDELLIN,3401222,Inactiva,0,0,0,0,35,0,25442,,,,0,0,Secundaria,14,Stand dealer
296,ADMINISTRACION CENTRAL,829,CARRERA 12 # 3 - 49,3178936309,Inactiva,0,0,0,0,338,0,025,025,,,0,0,Secundaria,1,Otros
297,MULTIMARCAS,777,CUCUTA,3401222,Inactiva,0,0,0,0,35,0,32379,,,,0,0,Secundaria,19,Subagente
298,SERVIMERCADEO BUENAVENTURA,1009,CLL 5 # 5B-30 SAN ANDRESITO,312154878,Inactiva,0,0,0,0,338,0,BV001,I005075,,,0,0,Principal,0,Otros
299,COMERCIAL CENTRAL,829,CRA 12 3-49,3401222,Inactiva,0,0,0,0,1215,0,c001,c0001,,,0,0,Principal,0,Otros
300,OPERACIONES CENTRAL,829,CRA 12 3-49,3401222,Inactiva,0,0,0,0,1215,0,c002,c0002,,,0,0,Principal,0,Otros
301,CONTACT CENTER CENTRAL,829,CARRERA 12 # 3 - 49,,Inactiva,0,0,0,0,338,0,cc01,,,,0,0,Principal,0,Otros
302,SERVIMERCADEO CALL CENTER CUCUTA,777,CUCUTA,3401222,Inactiva,0,0,0,0,35,0,33160,I004476,,,0,0,Secundaria,19,Call center
303,SERVIMERCADEO SINCELEJO,930,CLL 12A 10E-09B/ CEVILLA,0000,Inactiva,1322,0,0,0,338,0,SJ001,I005115,,,0,0,Principal,0,Otros
304,JYS PIENDAMO,386,PIENDAMO,3401222,Inactiva,0,0,0,0,35,0,33135,I004324,,,0,0,Secundaria,7,Subagente
305,SERVIMERCADEO CALL CENTER BARRANCABERMEJA,849,BARRANCABERMEJA,3401222,Inactiva,0,0,0,0,35,0,33161,I004552,,,0,0,Secundaria,20,0
306,SERVIMERCADEO CALL CENTER PASTO,713,PASTO,3401222,Inactiva,0,0,0,0,35,0,33164,I004332,,,0,0,Secundaria,6,Call center
307,SERVIMERCADEO CALL CENTER POPAYAN,361,POPAYAN,3401222,Inactiva,0,0,0,0,35,0,33165,I004324,,,0,0,Secundaria,7,Call center
308,SERVIMERCADEO CALL CENTER TULUA,1038,TULUA,3401222,Inactiva,0,0,0,0,35,0,33166,I004283,,,0,0,Secundaria,2,Call center
309,CALL CENTER SERVIMERCADEO ZONA NORTE,1,NORTE,3401222,Inactiva,0,0,0,0,35,0,33167,I004213,,,0,0,Secundaria,14,Call center
310,CALL CENTER SERVIMERCADEO ZONA SUR,1,SUR,3401222,Inactiva,0,0,0,0,35,0,33168,I004213,,,0,0,Secundaria,14,Call center
311,SERVIMERCADEO CALL CENTER CALDAS,318,MANIZALES,3401222,Inactiva,0,0,0,0,35,0,33170,I004219,,,0,0,Secundaria,4,Call center
312,SERVIMERCADEO CALL CENTER QUINDIO,817,ARMENIA,3401222,Inactiva,0,0,0,0,35,0,33171,I004218,,,0,0,Secundaria,5,Call center
313,SERVIMERCADEO CALL CENTER MONTERIA,427,MONTERIA,3401222,Inactiva,0,0,0,0,35,0,33172,I004412,,,0,0,Secundaria,11,Call center
314,SERVIMERCADEO CALL CENTER SINCELEJO,427,SUCRE,3401222,Inactiva,0,0,0,0,35,0,33173,I004412,,,0,0,Secundaria,11,Call center
315,SERVIMERCADEO CALL CENTER BARRANQUILLA 2,126,BARANQUILLA,3401222,Inactiva,0,0,0,0,35,0,33174,I004271,,,0,0,Secundaria,9,Call center
316,CALL CENTER BUENAVENTURA,1009,BUENAVENTURA,3401222,Inactiva,0,0,0,0,35,0,33183,I004283,,,0,0,Secundaria,2,Call center
317,SYM APARTADÓ,13,CALLE 95 # 105 A 12,3006989148,Inactiva,0,0,0,0,338,0,SYM1,,,,0,0,Principal,0,Otros
318,SYM BARRANQUILLA,126,CALLE 58 # 64 - 29 SANTA ANA,53858530,Inactiva,0,0,0,0,338,0,SYM2,,,,0,0,Principal,0,Otros
319,SYM BOGOTA,149,CALLE 40 # 21-31 BRR LA SOLEDAD,3218277051,Inactiva,0,0,0,0,338,0,SYM3,,,,0,0,Principal,0,Otros
320,SYM BUCARAMANGA,843,CALLE 89 # 25-135 BRR DIAMANTE 2,6516401,Inactiva,0,0,0,0,338,0,SYM4,SYM4,,,0,0,Principal,17,Otros
321,SYM CALI,1003,CL 47 # 5AN - 44 BARRIO LA FLORA,3703050,Activa,0,0,0,0,338,0,SYM5,SYM5,,,0,0,Principal,2,Otros
322,SYM CARTAGENA,150,MANZANA 37 LOTE 4 SOCORRO PLAN 250,        6768255,Inactiva,0,0,0,0,338,0,SYM6,,,,0,0,Principal,0,Otros
323,SYM CUCUTA,777,AV 0 # 14 - 42 LA PLAYA,5714123,Inactiva,0,0,0,0,338,0,SYM7,,,,0,0,Principal,0,Otros
324,SYM IBAGUE,956,MANZANA 13 CASA 17 ET 3 PRADERA DE SANTA RITA,3104974273,Inactiva,0,0,0,0,338,0,SYM8,,,,0,0,Principal,0,Otros
325,SYM MEDELLIN,1,CARRERA 80 # 47 – 13 LA FLORESTA,5812223,Activa,0,0,0,0,338,0,SYM9,,,,0,0,Principal,0,Otros
326,SYM MONTERIA,427,CALLE 24 # 3-48 BARRIO CENTRO,3178936309,Inactiva,0,0,0,0,338,0,SYM10,,,,0,0,Principal,0,Otros
327,SYM PASTO,713,CALLE 20 # 31-32 LAS CUADRAS,7364700,Inactiva,0,0,0,0,338,0,SYM11,,,,0,0,Principal,0,Otros
328,SYM PEREIRA,829,CARRERA 12 # 3-49,3401222,Activa,1307,0,0,0,338,0,SYM12,,,,0,0,Principal,0,Otros
329,SYM POPAYAN,361,CALLE 7 NORTE # 6A-09 CC PLAZA DEL FERROCARRIL ,8373038,Inactiva,0,0,0,0,338,0,SYM13,SYM13,,,0,0,Principal,0,Otros
330,SYM SANTA MARTA,654,AVD FERROCARRIL # 28C-28 LOCAL 1 EDF BABARIA PARK,3401222,Inactiva,0,0,0,0,338,0,SYM14,,,,0,0,Principal,0,Otros
331,SYM TUNJA,195,CALLE 25 # 9-39 BARRIO LAS NIEVES,3163895289,Inactiva,0,0,0,0,338,0,SYM15,,,,0,0,Principal,0,Otros
332,SYM VILLAVICENCIO,684,CALLE 71 SUR # 43ª – 12 BARRIO PORFIA,3148881884,Inactiva,0,0,0,0,338,0,SYM16,,,,0,0,Principal,0,Otros
333,SYM RIONEGRO,85,CARRERA 55 # 17-59 SAN ANTONIO DE PEREIRA,3178936309,Inactiva,1395,0,0,0,338,0,SYM14,,,,0,0,Principal,0,Otros
334,PAT SERVIMERCADEO COVEÑAS,935,COVEÑAS,3401222,Inactiva,0,0,0,0,35,0,33066,I004412,,,0,0,Secundaria,11,Subagente
335,PAT SERVIMERCADEO SINCELEJO,930,SINCELEJO,3401222,Inactiva,0,0,0,0,35,0,33120,I004412,,,0,0,Secundaria,11,Subagente
336,SERVIMERCADEO CALL CENTER SINCELEJO,930,SINCELEJO,3401222,Inactiva,0,0,0,0,35,0,33173,I004412,,,0,0,Secundaria,11,Call center
337,CALL CENTER SANTANDER DE QUILICHAO,391,SANTANDER DE QUILICHAO,3401222,Inactiva,0,0,0,0,35,0,39253,I004324,,,0,0,Secundaria,7,Call center
338,SYM BARRANCABERMEJA,849,CRR 34C # 50 BIS-12 LOCAL 6 CAMPO ALEGRE,,Inactiva,0,0,0,0,338,0,B001,,,,0,0,Principal,0,Otros
339,SYM MOSQUERA,512,CALLE 2DA # 7-64,,Inactiva,0,0,0,0,338,0,001M,,,,0,0,Principal,0,Otros
340,SYM GUAYAQUIL,1086,SECTOR C  URDESA LOMAS MZ 204 SL.6,,Inactiva,0,0,0,0,338,0,ec001,,,,0,0,Principal,0,Otros
341,SYM QUITO,1086,AVANIDA LOS ALMEDROS,,Inactiva,0,0,0,0,338,0,ec002,,,,0,0,Principal,0,Otros
342,PUNTO PRINCIPAL COMUNICACIONES IPIALES,740,IPIALES,3401222,Inactiva,0,0,0,0,35,0,39289,I004332,,,0,0,Secundaria,252,Subagente
343,SYM FUSAGASUGA,485,SYM FUSAGASUGA,,Inactiva,0,0,0,0,1215,0,3401522,,,,0,0,Secundaria,319,0
344,E2BPO MEDELÍN,1,CRA 80 NRO 57-13,,Inactiva,0,0,0,0,338,0,e2bpo1,,,,0,0,Principal,0,Otros
345,CORPORATIVO SERVIMERCADEO,149,CORPORATIVOS,3401222,Inactiva,0,0,0,0,35,0,39399,I004174,,,0,0,Secundaria,17,Otros
346,SERVIMERCADEO BOGOTA,149,CLL 169 # 48 A-31 GRANADA NORTE,3138280928,Activa,0,0,0,0,338,0,b001,,,,0,0,Principal,0,Otros
347,AVANTEL-WOM,1,CRA 80 NRO 57-13,6051118,Inactiva,0,0,0,0,338,0,wom001,,,,0,0,Principal,344,0
348,SYM CUENCA,10041,CALLE ESMERALDAS Y UNIDAD NACIONAL,0995769130,Inactiva,0,0,0,0,338,0,ec002,,,,0,0,Principal,0,Otros
349,SYM MANTA,10042,DIRECCION AV. 4 D E NOVIEMBRE Y C ALLE 115,0999003315,Inactiva,0,0,0,0,338,0,ec003,,,,0,0,Principal,0,Otros
350,SYM EL ORO,10043,URB SANTA INEZ MZ I V-8A-0 EV 25 DE JUNIO,984234916,Inactiva,0,0,0,0,1345,0,ecu004,,,,0,0,Principal,0,0
351,SYM PASTAZA,10044," PUYO, CLL CITAYACU ENTRE AV MANABI Y 20 DE JULIO ",0982495959,Inactiva,0,0,0,0,1345,0,eco005,,,,0,0,Principal,0,Otros
352,CONFIANZA Y COLABORACION PEREIRA,829,CARRERA 12 N° 3 - 49,00000000,Inactiva,0,0,0,0,338,0,cyc001,0,,,0,0,Principal,1,Otros
353,CONFIANZA Y COLABORACION - BUCARAMANGA,843,DIRECCION: CRA 36 #38-38 BRR EL PRADO,73401222,Inactiva,0,0,0,0,338,0,cc001,cc001,,,0,0,Principal,0,Otros
354,CONFIANZA Y COLABORACION - BOGOTA,149,DIRECCION: CLL 169 # 48A-31 TO 4 APT 414 GRANADA N,13401222,Inactiva,0,0,0,0,338,0,cc002,cc002,,,0,0,Principal,0,Otros
355,SYM MACHALA,10046,CDLA. SANTA INES MZ J VILLA 2A,0995140990,Inactiva,0,0,0,0,1345,0,Ecu006,,,,0,0,Principal,0,0
356,SYM AMBATO,10045,"PELILEP, CALLE CALICUCHIMA S/N Y RICAURTE PISO 2",0988192 163,Inactiva,0,0,0,0,1345,0,ecu007,,,,0,0,Principal,0,0
357,PEREIRA FT&H CONSULTING,829,CRA 12 # 3-49 LA REBECA,3401222,Activa,0,0,0,0,1345,0,ft-001,,,,0,0,Principal,0,0
358,39547 - PDV CORPORATIVOS SUROCCIDENTE,1003,CALI,3401222,Inactiva,0,0,0,0,35,0,39547,I004283,,,0,0,Secundaria,2,Otros
359,CONFIANZA Y COLABORACION MEDELLIN,1,CRA 80 # 47-13 LA FLORESTA,5812223,Inactiva,0,0,0,0,1345,0,cyc002,,,,0,0,Principal,0,Otros
360,CONFIANZA Y COLABORACION POPAYAN,361,CLL 7 # 6A-09 CC PLAZA DEL FERROCARRIL,3401222,Inactiva,0,0,0,0,1345,0,cyc003,,,,0,0,Principal,0,Otros
361,CONFIANZA Y COLABORACION CARTAGENA,150,PLAN 250 MZ 37 LT 4 SOCORRO,3174152894,Inactiva,0,0,0,0,1345,0,cyc004,,,,0,0,Principal,0,Otros
362,SERVIMERCADEO CARTAGENA,150,DIREC PLAN 250 MZ 37 LT 4 SOCORRO,3174152894,Inactiva,0,0,0,0,1345,0,Servicart1,,,,0,0,Principal,0,Otros
363,SYM ARMENIA,817,DIRECC CRA 19 # 1 NORTE NISA BULEVAR LOCAL 2,,Inactiva,0,0,0,0,1345,0,symarm1,,,,0,0,Principal,0,Otros
364,TIGO EXPRESS PEREIRA EXITO CUBA,829,EXITO CUBA,000000000,Inactiva,0,0,0,0,903,0,tigo001,tigo001,,,0,0,Principal,328,Otros
365,TIGO EXPRESS PEREIRA CALLE 19 CON 8,829,CALLE 19 CON 8,00000000,Activa,0,0,0,0,903,0,tigo002,tigo002,,,0,0,Principal,328,Otros
366,TIGO EXPRESS ARMENIA CR 14 FUNDADORES,817,CR 14 FUNDADORES,00000000,Inactiva,0,0,0,0,903,0,tigo003,tigo003,,,0,0,Principal,363,Otros
367,TIGO EXPRESS CALI  CR 4 14,1003,CR 4 14,00000000,Activa,0,0,0,0,903,0,tigo004,tigo004,,,0,0,Principal,321,Otros
368,TIGO EXPRESS JAMUNDI,1024,CR 10,0000000,Inactiva,0,0,0,0,903,0,tigo005,tigo005,,,0,0,Principal,321,Otros
369,TIGO EXPRESS MEDELLIN  01 LAS AMERICAS,1,CL 44 LAS AMERICAS,00000000,Activa,0,0,0,0,903,0,tigo006,tigo006,,,0,0,Principal,325,Otros
370,TIGO EXPRESS MEDELLIN  02 BELEN,1,CR 76 BELEN,0000000,Activa,0,0,0,0,903,0,tigo007,tigo007,,,0,0,Principal,325,Otros
371,TIGO EXPRESS ITAGUI 01CENTRO PQ,59, CL 51 49 59 CENTRO PQ,000000000,Activa,0,0,0,0,903,0,tigo008,tigo008,,,0,0,Principal,325,Otros
372,TIGO EXPRESS ITAGUI 02 CENTRO DE LA MODA,59,CR 52 D CENTRO DE LA MODA,0000000,Activa,0,0,0,0,903,0,tigo009,tigo009,,,0,0,Principal,325,Otros
373,TIGO EXPRESS CALI CENTRO 2,1003,CR 9 # 11 -27,0000000,Inactiva,0,0,0,0,903,0,tigo010,tigo010,,,0,0,Principal,321,Otros
374,TIGO EXPRESS DOSQUEBRADAS,833,CRA 16 # 36 - 19,000000,Inactiva,0,0,0,0,903,0,tigo011,tigo 011,,,0,0,Principal,328,Otros
375,TIGO EXPRESS CALDAS ANTIOQUIA,27,CALLE 129 SUR NO 50-27,0000000,Activa,0,0,0,0,903,0,tigo012,tigo012,,,0,0,Principal,325,Otros
376,PEREIRA TIGO - STOCK,829,CRA 12 # 3 - 49 LA REBECA,,Inactiva,0,0,0,0,1345,0,tigo013,,,,0,0,Principal,328,0
377,39579 - CORPORATIVOS SERVIMERCADEO MEDELLÍN,1,MEDELLIN,3401222,Inactiva,0,0,0,0,35,0,39579,I004213,,,0,0,Secundaria,14,Otros
378,SYM MAGANGUE,166,CLL 15 CRA 29 144 BRR SANTA RITA,3002045389,Inactiva,0,0,0,0,1345,0,symmagan,symmagan,,,0,0,Principal,318,Otros
379,SYM QUIBDO,571,CRA 23 # 21A-213 BRR ZONA MINERA LAS VIOLETAS,3135083759,Inactiva,0,0,0,0,1345,0,symquibdo,,,,0,0,Principal,317,Otros
380,TIGO EXPRESS PALMIRA CC UNICENTRO,1029,"CALLE 42 # 39 - 68 CENTRO COMERCIAL UNICENTRO, PIS",00000000,Inactiva,0,0,0,0,903,0,tigo125,cxcx,,,0,0,Principal,321,Otros
381,TIGO EXPRESS MANIZALES CR 23 #26-27,318,CR 23 #26-27,00000000000000,Activa,0,0,0,0,903,0,tigo126,tigo126,,,0,0,Principal,0,Otros
382,TIGO EXPRESS CALI EXITO SAN FERNANDO,1003,CL 5 38D-35 LOCAL 134A-136A,00000000000000000,Inactiva,0,0,0,0,903,0,tigo127,0000000000,,,0,0,Principal,0,Otros
383,TIGO TROPAS MEDELLIN,1,CL 44 LAS AMERICAS,00000000,Inactiva,0,0,0,0,1345,0,tigo014,0000,,,0,0,Principal,325,Otros
384,TIGO PALMIRA,1029,CLL 43 # 39-68 CC UNICENTRO LC 117,3104975363,Inactiva,0,0,0,0,1345,0,tigo015,,,,0,0,Principal,321,Otros
385,CONFIANZA Y COLABORACION MANIZALES,318,CLL 23 # 23-53 CENTRO,8902288,Inactiva,0,0,0,0,1345,0,cyc005,,,,0,0,Principal,4,Otros
386,CLARO PEREIRA,829,CARRERA 12 # 3-49,3401222,Inactiva,0,0,0,0,1345,0,alty001,alty001,,,0,0,Principal,0,Otros
387,VELONET MEDELLIN,1,CARRERA 80 47-13 LA FLORESTA,3104977513,Inactiva,0,0,0,0,338,0,servivel01,servi01,,,0,0,Principal,14,Otros
388,TIGO EXPRESS CALI,1003,CLL 47 # 5 AN-44 LA FLORA,00000000000,Activa,1423,0,0,0,903,0,TigoC1,00,,,0,0,Principal,2,Otros
389,TIGO PASTO,713,CLL 20 # 31-32 LAS CUADRAS,00000000000,Inactiva,0,0,0,0,1345,0,tigoP01,,,,0,0,Principal,327,Otros
390,TIGO EXPRESS MEDELLIN,1,CRA 80 # 47-13 LA FLORESTA,00000000000,Activa,0,0,0,0,903,0,TigoM001,0000,,,0,0,Principal,325,Otros
391,TIGO EXPRESS PEREIRA,829, CRA 12 # 3-49 LA REBECA,00000000000,Activa,0,0,0,0,903,0,tigoPei01,tigopei01,,,0,0,Principal,328,Otros
392,TIGO TROPAS PASTO,713,CLL 20 # 31-32 LAS CUADRAS,00000000000,Inactiva,0,0,0,0,1345,0,TigoPA01,,,,0,0,Principal,327,Otros
393,TIGO TROPAS CALI,1003,CLL 47 # 5 AN-44 LA FLORA,00000000000,Inactiva,0,0,0,0,1345,0,TigoC2,,,,0,0,Principal,321,Otros
394,TIGO HOME MEDELLIN,1,CRA 80 # 47-13 LA FLORESTA,5812223,Activa,0,0,0,0,1345,0,Tigomed003,00000,,,0,0,Principal,325,Otros
395,TIGO EXPRESS BOGOTA,149,CARRERA 11A # 134B-73 / BOGOTA,304 3123727,Activa,0,0,0,0,903,0,TigoB001,tigoB001,,,0,0,Principal,0,Otros
396,TIGO EXPRESS BUCARAMANGA,843,CRA 36 # 38-38 EL PRADO,3043462069,Inactiva,0,0,0,0,903,0,tigobuc001,0001,,,0,0,Principal,320,Otros
397,TIGO EXPRESS CABECERA BUCARAMANGA,843,CARRERA 33# 44-76,00000000000,Inactiva,0,0,0,0,1345,0,tigobuc002,,,,0,0,Principal,320,Otros
398,TIGO EXPRESS BARRANCABERMEJA,849,CARRERA 8 CON CALLE 6 LOCAL 113 CC CITY CENTER,00000000000,Activa,0,0,0,0,1345,0,tigobarr01,,,,0,0,Principal,338,Otros
399,TIGO EXPRESS BOGOTA BOSA BRASIL,149,CARRERA 88C 50A 03 ,00000000000,Activa,0,0,0,0,903,0,tigobog001,tigobog001,,,0,0,Principal,319,Otros
400,TIGO EXPRESS ENGATIVÁ,149,CALLE 64 # 120 - 05,00000000000,Inactiva,0,0,0,0,1345,0,tigobog002,,,,0,0,Principal,319,Otros
401,TIGO HOME PEREIRA,829,CRA 12 # 3-49,,Activa,0,0,0,0,1345,0,tigoh01,,,,0,0,Principal,328,0
402,TIGO TROPAS PEREIRA,829,CRA 12 # 3-49,3401222,Inactiva,0,0,0,0,1345,0,tigot01,,,,0,0,Principal,328,Otros
403,BANCOLDEX MEDELLIN ,1,CARRERA 80 NO 47 -13,5812223,Inactiva,0,0,0,0,903,0,banc001,banc001,,,0,0,Principal,14,Otros
404,TIGO EXPRESS BUCARAMANGA CENTRO,843,CALLE 35 # 13 - 66 LOCAL 6 CENTRO,00000000000,Activa,0,0,0,0,1345,0,tigobuc003,,,,0,0,Principal,320,Otros
405,TIGO EXPRESS BOGOTA VENECIA,149,CARRERA 53 # 47 34 SUR LOCAL 4,00000000000,Activa,0,0,0,0,1345,0,tigobog003,,,,0,0,Principal,319,Otros
406,TIGO EXPRESS FLORIDABLANCA CLL 5,875,CALLE 5 # 7 31,00000000000,Activa,0,0,0,0,1345,0,tigobuc004,,,,0,0,Principal,320,Otros
407,TIGO HOME CARTAGENA,150,BARRIO SAN JOSE DE LOS CAMPANOS CONDOMINIO TORRES,3236442185,Activa,0,0,0,0,1345,0,Tigocar001,,,,0,0,Principal,322,Otros
408,TIGO EXPRESS CUCUTA CLL 10 1-11,777,CALLE 10 # 1-11,000000000000,Activa,0,0,0,0,1345,0,tigocuc01,,,,0,0,Principal,323,Otros
409,TIGO EXPRESS FACATATIVA CALLE 5 NRO 2-74 CENTRO,480,CALLE 5 NRO 2-74 CENTRO,00000000000,Activa,0,0,0,0,1345,0,tigof001,,,,0,0,Principal,319,Otros
410,TIGO EXPRESS FUSAGASUGA KR 5 9-45,485,KRA 5 # 9-45 LOCAL 105,00000000,Activa,0,0,0,0,1345,0,tigobog004,,,,0,0,Principal,319,Otros
411,TIGO TROPAS MANIZALES,318,CLL 62 # 22-48 LA RAMBLA,00000000000,Inactiva,0,0,0,0,1345,0,tigom002,,,,0,0,Principal,0,Otros
412,TIGO EXPRESS GIRARDOT CR 11 18-50,490,CRA 11 # 18-50 SUCRE,3401222,Activa,0,0,0,0,1345,0,tigobog003,,,,0,0,Principal,319,Otros
413,SERVIMERCADEO VALLEDUPAR,402,CARRERA 20#14C-37 LA POPA / VALLEDUPAR,3401222,Inactiva,0,0,0,0,338,0,servicesar,I005236,,,0,0,Principal,20,Otros
414,TIGO EXPRESS MARINILLA CR 30 32-09,69, KR 30 # 32 - 09,3401222,Activa,0,0,0,0,1345,0,tigomari1,1,,,0,0,Principal,325,Otros
415,CESAR AUGUSTO ARISTIZABAL PEREIRA,829,CRA 12 # 3-49 LA REBECA,3401222,Activa,0,0,0,0,1345,0,cesar01,,,,0,0,Principal,1,Otros
416,TIGO EXPRESS CALI LC 9 LA CASCADA,1003,CRA 70 # 1B-65 LC 9 BRR LA CASCADA,3401222,Inactiva,0,0,0,0,1345,0,tigo cali,,,,0,0,Principal,321,Otros
417,TIGO EXPRESS ARMENIA CLL 18 15 43,817,CALLE 18 # 15-43 BARRIO CENTRO,1,Inactiva,0,0,0,0,1345,0,tigoarm002,1,,,0,0,Principal,363,Otros
418,TIGO EXPRESS BOGOTA CLL 163A SAN CRISTOBAL,149,CALLE 163A # 8H 40 SAN CRISTOBAL,3401222,Activa,0,0,0,0,1345,0,tigobog005,,,,0,0,Principal,319,Otros
419,TIGO EXPRESS BOGOTA AV CR 80 KENNEDY,149,AVENIDA CR 80 #47B 55 SUR,3401222,Inactiva,0,0,0,0,1345,0,Tigobog006,,,,0,0,Principal,319,Otros
420,TIGO EXPRESS SOACHA CLL 15 LAS VILLAS,541,CALLE 15# 1B 37 SOACHA LAS VILLAS,3401222,Activa,0,0,0,0,1345,0,Tigobog007,,,,0,0,Principal,319,Otros
421,TIGO HOME BOGOTA,149,CARRERA 80G #6-19,3401222,Inactiva,0,0,0,0,1345,0,tigobog007,,,,0,0,Principal,319,Otros
422,TIGO EXPRESS PEREIRA CL 25 PARQUE EL LAGO,829,CALLE 25 # 7-25 PARQUE EL LAGO URIBE,3401222,Inactiva,0,0,0,0,1345,0,tigopei04,,,,0,0,Principal,328,Otros
423,TIGO EXPRESS CALI CL 12 PLAZA DE CAICEDO,1003,LOCAL PLAZA CAICEDO CL 12 # 3 - 70,3401222,Inactiva,0,0,0,0,1345,0,tigocal003,,,,0,0,Principal,321,Otros
424,TIGO EXPRESS LA VIRGINIA CR 8 7 23 CENTRO,836,CR 8 #7 -23 CENTRO-LA VIRGINIA RDA,3401222,Activa,0,0,0,0,1345,0,tigovir01,,,,0,0,Principal,328,Otros
425,TIGO TROPAS BOGOTA,149,MZ 1 CASA 2 BOGOTA,,Inactiva,0,0,0,0,338,0,TB001,,,,0,0,Principal,0,0
426,TIGO EXPRESS CALI SILOE,1003,CALLE 3 OESTE 50-97,3401222,Inactiva,0,0,0,0,903,0,tg001,tg001,,,0,0,Principal,0,Otros
427,TIGO EXPRESS CALI DG 26M LOS MANGOS,1003,DIAGONAL 26M # 73A-31 LOS MANGOS,3401222,Inactiva,0,0,0,0,1345,0,Tigocal004,,,,0,0,Principal,321,Otros
428,TIGO HOME FUSAGASUGA,485,KR 6 # 6 36,3401222,Inactiva,0,0,0,0,1345,0,tigofus001,000,,,0,0,Principal,319,Otros
429,TIGO EXPRESS PEREIRA CLL 19 GAN,829,CALLE 19 CON 8,3401222,Inactiva,0,0,0,0,903,0,TIGOPEI04,,,,0,0,Principal,328,Otros
430,TIGO HOME SINCELEJO,930,CRA 12#17-65 KENEDY / SINCELEJO,3401222,Activa,0,0,0,0,903,0,sinc001,,,,0,0,Secundaria,303,Otros
431,TIGO HOME MONTERIA,427,MZ 11 LOTE 9 EDIFICIO VIILA MARY,3401222,Activa,0,0,0,0,903,0,00000,homemont1,NULL,NULL,0,0,Secundaria,11,Otros
448,TIGO EXPRESS CARTAGO CRA 12 5-106 CENTRO,1015,CARRERA 12 # 5-106 LC 4 CENTRO,3401222,Inactiva,0,0,0,0,903,0,00000,00000,NULL,NULL,0,0,Principal,321,Otros
449,TIGO EXPRESS VALLEDUPAR,402,16A-10 BR LOPERENA,3401222,Inactiva,0,0,0,0,903,0,00000,00000,NULL,NULL,0,0,Principal,0,Otros
450,TIGO EXPRESS CHINCHINA,323,CLL 12  8-12,3401222,Inactiva,0,0,0,0,903,0,00000,00000,NULL,NULL,0,0,Principal,0,Otros
451,TIGO EXPRESS MADRID,509,CLL 12  8-12,3401222,Inactiva,0,0,0,0,903,0,00000,00000,NULL,NULL,0,0,Principal,0,Otros
452,TIGO EXPRESS ARJONA 51 48 CLL DEL COCO,154,51 48 CLL DEL COCO,,Activa,0,0,0,0,0,0,,,,,0,0,Principal,0,Otros
453,TIGO EXPRESS BARANOA CRA 19 17-28 PLAZA CENTRO,127,CRA 19 17-28 PLAZA CENTRO,,Activa,0,0,0,0,0,0,,,,,0,0,Principal,0,Otros
454,TIGO EXPRESS BARRANQUILLA,126,,,Activa,0,0,0,0,0,0,,,,,0,0,Principal,0,Otros
455,TIGO EXPRESS BARRANQUILLA CRA 13 99D-07 LA PAZ,126,CRA 13 99D-07 LA PAZ,,Activa,0,0,0,0,0,0,,,,,0,0,Principal,0,Otros
456,TIGO EXPRESS BARRANQUILLA LC 11B CC JARDIN DEL RIO,126,LC 11B CC JARDIN DEL RIO,,Activa,0,0,0,0,0,0,,,,,0,0,Principal,0,Otros
457,TIGO EXPRESS BELLO CLL 49 50-10,19,CLL 49 50-10,,Activa,0,0,0,0,0,0,,,,,0,0,Principal,0,Otros
458,TIGO EXPRESS BOGOTA 61B-08 SAN FRANCISCO,149,61B-08 SAN FRANCISCO,,Activa,0,0,0,0,0,0,,,,,0,0,Principal,0,Otros
459,TIGO EXPRESS BOGOTA AC 145 103B-80 SUBA,149,AC 145 103B-80 SUBA,,Activa,0,0,0,0,0,0,,,,,0,0,Principal,0,Otros
460,TIGO EXPRESS BOGOTA AV CR 80 KENNEDY ROMA,149,AV CR 80 KENNEDY ROMA,,Activa,0,0,0,0,0,0,,,,,0,0,Principal,0,Otros
461,TIGO EXPRESS BOGOTA  CL 37 SUR CENTRO KENNEDY,149,CL 37 SUR CENTRO KENNEDY,,Activa,0,0,0,0,0,0,,,,,0,0,Principal,0,Otros
462,TIGO EXPRESS BOGOTA CLL 64 ENGATIVA,149,CLL 64 ENGATIVA,,Activa,0,0,0,0,0,0,,,,,0,0,Principal,0,Otros
463,TIGO EXPRESS BOGOTA CLL 78 SUR SANTA LIBRADA,149,CLL 78 SUR SANTA LIBRADA,,Activa,0,0,0,0,0,0,,,,,0,0,Principal,0,Otros
464,TIGO EXPRESS BOGOTA CRA 18 21 05 RESTREPO,149,CRA 18 21 05 RESTREPO,,Activa,0,0,0,0,0,0,,,,,0,0,Principal,0,Otros
465,TIGO EXPRESS BUCARAMANGA CABECERA,843,CABECERA,,Activa,0,0,0,0,0,0,,,,,0,0,Principal,0,Otros
466,TIGO EXPRESS CAJICA CRA 5 1-98,465,CRA 5 1-98,,Activa,0,0,0,0,0,0,,,,,0,0,Principal,0,Otros
467,TIGO EXPRESS CARTAGENA AV VENEZUELA 1A 42,150,AV VENEZUELA 1A 42,,Activa,0,0,0,0,0,0,,,,,0,0,Principal,0,Otros
468,TIGO EXPRESS CARTAGENA BAZURTO 27A-26,150,BAZURTO 27A-26,,Activa,0,0,0,0,0,0,,,,,0,0,Principal,0,Otros
469,TIGO EXPRESS CARTAGENA LOS EJECUTIVOS LC  37,150,LOS EJECUTIVOS LC 37,,Activa,0,0,0,0,0,0,,,,,0,0,Principal,0,Otros
470,TIGO EXPRESS CERETE 13 14-09 LOS ALMENDROS,431,13 14-09 LOS ALMENDROS,,Activa,0,0,0,0,0,0,,,,,0,0,Principal,0,Otros
471,TIGO EXPRESS CHINCHINA CLL 12  8-12,323,CLL 12 8-12,,Activa,0,0,0,0,0,0,,,,,0,0,Principal,0,Otros
472,TIGO EXPRESS CUCUTA AV 3 9-70,777,AV 3 9-70,,Activa,0,0,0,0,0,0,,,,,0,0,Principal,0,Otros
473,TIGO EXPRESS CUCUTA AV 8 7-89 CENTRO,777,AV 8 7-89 CENTRO,,Activa,0,0,0,0,0,0,,,,,0,0,Principal,0,Otros
474,TIGO EXPRESS FLORIDABLANCA 6AE-80  BR LA CUMBRE,875,6AE-80 BR LA CUMBRE,,Activa,0,0,0,0,0,0,,,,,0,0,Principal,0,Otros
475,TIGO EXPRESS GALAPA CLL 10 21-53 CENTRO,130,CLL 10 21-53 CENTRO,,Activa,0,0,0,0,0,0,,,,,0,0,Principal,0,Otros
476,TIGO EXPRESS GUARNE CRA 51 51-12,55,CRA 51 51-12,,Activa,0,0,0,0,0,0,,,,,0,0,Principal,0,Otros
477,TIGO EXPRESS LA CEJA CLL 19 19-103,63,CLL 19 19-103,,Activa,0,0,0,0,0,0,,,,,0,0,Principal,0,Otros
478,TIGO EXPRESS MALAMBO CLL 10 12 16 CENTRO,133,CLL 10 12 16 CENTRO,,Activa,0,0,0,0,0,0,,,,,0,0,Principal,0,Otros
479,TIGO EXPRESS MANIZALES CLL 18  23-04 ESQUINA,318,CLL 18 23-04 ESQUINA,,Activa,0,0,0,0,0,0,,,,,0,0,Principal,0,Otros
480,TIGO EXPRESS MEDELLIN CL 42 SUR 8 32 SAN ANTONIO,1,CL 42 SUR 8 32 SAN ANTONIO,,Activa,0,0,0,0,0,0,,,,,0,0,Principal,0,Otros
481,TIGO EXPRESS RIONEGRO  CLL 51 48-52,908,CLL 51 48-52,,Activa,0,0,0,0,0,0,,,,,0,0,Principal,0,Otros
482,TIGO EXPRESS SANTA ROSA DE CABAL CLL 14,841,CLL 14,,Activa,0,0,0,0,0,0,,,,,0,0,Principal,0,Otros
483,TIGO EXPRESS SINCELEJO CLL 20 20 63 CENTRO,930,CLL 20 20 63 CENTRO,,Activa,0,0,0,0,0,0,,,,,0,0,Principal,0,Otros
484,TIGO EXPRESS SOLEDAD  CLL 20 19-02,145,CLL 20 19-02,,Activa,0,0,0,0,0,0,,,,,0,0,Principal,0,Otros
485,TIGO EXPRESS TOLU CLL 15 2-89 CENTRO,954,CLL 15 2-89 CENTRO,,Activa,0,0,0,0,0,0,,,,,0,0,Principal,0,Otros
486,TIGO EXPRESS VALLEDUPAR CRA 7 16A-78 LC 2,402,CRA 7 16A-78 LC 2,,Activa,0,0,0,0,0,0,,,,,0,0,Principal,0,Otros
487,TIGO EXPRESS VILLA DEL ROSARIO CRA 8 5-15,816,CRA 8 5-15,,Activa,0,0,0,0,0,0,,,,,0,0,Principal,0,Otros
488,TIGO EXPRESS VILLAMARIA CRA 5 7-13,343,CRA 5 7-13,,Activa,0,0,0,0,0,0,,,,,0,0,Principal,0,Otros
489,TIGO HOME BARRANQUILLA,126,,,Activa,0,0,0,0,0,0,,,,,0,0,Principal,0,Otros
